#pragma once
// auto-generated from /home/pascal/Downloads/go1.jpg (128x128, RGB565)
// regenerate via docs/howto_logo.md
// paste in showSplashScreen(): pDisp->drawRGBBitmap((FB_WIDTH - splash_bmp_w) / 2, (FB_HEIGHT - splash_bmp_h) / 2, splash_bmp, splash_bmp_w, splash_bmp_h);
static const uint16_t splash_bmp_w = 128;
static const uint16_t splash_bmp_h = 128;
static const uint16_t PROGMEM splash_bmp[] = {
  0xE71C,   0xE71B,   0xE71B,   0xE71C,   0xE71C,   0xE71C,   0xE71C,   0xE71C,   0xE71C,   0xE71C,   0xE71C,   0xE71C,
  0xE71C,   0xE71C,   0xE71C,   0xE71C,   0xE71C,   0xE71C,   0xE71C,   0xE71C,   0xE71C,   0xE71C,   0xE71C,   0xE71C,
  0xE71C,   0xE71C,   0xDEFB,   0xDEFB,   0xE71C,   0xDEFB,   0xDEFB,   0xDEFB,   0xDEFB,   0xDEFB,   0xDEFB,   0xDEFB,
  0xDEFB,   0xDEFB,   0xDEFB,   0xDEFB,   0xDEDB,   0xDEDB,   0xDEDB,   0xDEDB,   0xDEDB,   0xDEDB,   0xDEDB,   0xDEDB,
  0xDEDB,   0xDEDB,   0xDEDB,   0xDEDB,   0xD6DB,   0xD6DB,   0xD6DB,   0xD6DB,   0xD6DB,   0xD6DB,   0xD6DB,   0xD6DB,
  0xD6DB,   0xD6DB,   0xD6DB,   0xD6BB,   0xD6BB,   0xD6DB,   0xD6DB,   0xD6DB,   0xD6DB,   0xD6DB,   0xD6DB,   0xD6BB,
  0xD6BB,   0xD6BB,   0xD6BB,   0xD6BB,   0xD6BB,   0xD6BB,   0xD6BB,   0xD6BB,   0xD6BB,   0xD6BB,   0xD6BB,   0xD6BB,
  0xD6BB,   0xD6BB,   0xD6BB,   0xD6BB,   0xD6BB,   0xD6BB,   0xD6BB,   0xD6BB,   0xD6BB,   0xD6BB,   0xD6BB,   0xD6BB,
  0xD6BB,   0xD6BB,   0xD6BB,   0xD6BB,   0xD6BB,   0xD6BB,   0xD6BB,   0xD6BB,   0xD6DB,   0xD6DB,   0xD6DB,   0xD6DB,
  0xD6DB,   0xDEDB,   0xD6DB,   0xDEDB,   0xDEDB,   0xD6DB,   0xD6DB,   0xDEDB,   0xDEFB,   0xDEFB,   0xDEFC,   0xDEFC,
  0xDEFC,   0xDEFC,   0xDEFC,   0xDEFC,   0xDEFC,   0xDEFC,   0xDEFC,   0xDEFC,   0xE71C,   0xE71C,   0xE71C,   0xE71C,
  0xE71C,   0xE71C,   0xE71C,   0xE71C,   0xE71C,   0xE71C,   0xE71C,   0xE71C,   0xE71C,   0xE71C,   0xE71C,   0xE71C,
  0xE71C,   0xE71C,   0xE71C,   0xE71C,   0xE71C,   0xE71C,   0xE71C,   0xE71C,   0xE71C,   0xE71C,   0xDEFB,   0xDEFB,
  0xDEFB,   0xDEFB,   0xDEFB,   0xDEFB,   0xDEFB,   0xDEFB,   0xDEFB,   0xDEFB,   0xDEFB,   0xDEFB,   0xDEFB,   0xDEFB,
  0xDEDB,   0xDEDB,   0xDEDB,   0xDEDB,   0xDEDB,   0xDEDB,   0xDEDB,   0xDEDB,   0xDEDB,   0xDEDB,   0xDEDB,   0xD6DB,
  0xD6DB,   0xD6DB,   0xD6DB,   0xD6DB,   0xD6DB,   0xD6DB,   0xD6DB,   0xD6DB,   0xD6DB,   0xD6DB,   0xD6BB,   0xDEFB,
  0xDF1C,   0xD6DB,   0xD6DB,   0xD6DB,   0xD6BB,   0xD6BB,   0xD6BB,   0xD6BB,   0xD6BB,   0xD6BB,   0xD6BB,   0xD6BB,
  0xD6BB,   0xD6BB,   0xD6BB,   0xD6BB,   0xD6BB,   0xD6BB,   0xD6BB,   0xD6BB,   0xD69A,   0xD69A,   0xD69A,   0xD69A,
  0xD69A,   0xD69A,   0xD69A,   0xD69A,   0xD6BB,   0xD6BB,   0xD6BB,   0xD6BB,   0xD6BB,   0xD6BB,   0xD6BB,   0xD6BB,
  0xD6BB,   0xD6BB,   0xD6BB,   0xD6BB,   0xD6BB,   0xD6BB,   0xD6BB,   0xD6DB,   0xD6DB,   0xD6DB,   0xD6DB,   0xDEDB,
  0xD6DB,   0xD6DB,   0xD6DB,   0xDEDB,   0xDEDB,   0xDEFC,   0xDEFB,   0xDEFC,   0xDEFC,   0xDEFC,   0xDEFC,   0xDEFC,
  0xDEFC,   0xDEFC,   0xDEFC,   0xDEFC,   0xE71B,   0xE71B,   0xDF1B,   0xDF1B,   0xDF1C,   0xDF1B,   0xDF1B,   0xDF1B,
  0xDF1B,   0xDF1B,   0xE71C,   0xE71C,   0xE71C,   0xE71C,   0xE71C,   0xE71C,   0xE71C,   0xE71C,   0xE71C,   0xE71C,
  0xE71C,   0xE71C,   0xE71C,   0xE71C,   0xDEFB,   0xDEFB,   0xDEFB,   0xDEFB,   0xDEFB,   0xDEFB,   0xDEFB,   0xDEFB,
  0xDEFB,   0xDEFB,   0xDEFB,   0xDEFB,   0xDEFB,   0xDEFB,   0xDEDB,   0xDEDB,   0xDEDB,   0xDEDB,   0xDEDB,   0xDEDB,
  0xDEDB,   0xDEDB,   0xDEDB,   0xDEDB,   0xD6DB,   0xD6DB,   0xD6DB,   0xD6DB,   0xD6DB,   0xD6DB,   0xD6DB,   0xDEDB,
  0xD6DB,   0xD6DB,   0xD6DB,   0xD6DB,   0xD6BB,   0xDEFC,   0xE71C,   0xC618,   0xAD55,   0xD6BA,   0xD6DB,   0xD6BB,
  0xD6BB,   0xD6BB,   0xD6BB,   0xD6BB,   0xD6BB,   0xD6BB,   0xD6BB,   0xD6BB,   0xD6BB,   0xD6BB,   0xD6BB,   0xD6BB,
  0xD69A,   0xD69A,   0xD69A,   0xD69A,   0xD69A,   0xD69A,   0xD69A,   0xD69A,   0xD69A,   0xD69A,   0xD69A,   0xD69A,
  0xD69A,   0xD69A,   0xD69A,   0xD69A,   0xD69A,   0xD69A,   0xD69A,   0xD6BB,   0xD6BB,   0xD6BB,   0xD6BB,   0xD6BB,
  0xD6BB,   0xD6BB,   0xD6BB,   0xD6BB,   0xD6BB,   0xD6DB,   0xD6DB,   0xDEDB,   0xD6DB,   0xDEDB,   0xDEDB,   0xDEDB,
  0xDEDB,   0xDEFB,   0xDEFB,   0xDEDC,   0xDEFC,   0xDEFC,   0xDEFC,   0xDEFC,   0xDEFC,   0xDEFC,   0xDEFC,   0xDEFC,
  0xDF1B,   0xDF1B,   0xDF1B,   0xDF1B,   0xDF1B,   0xDF1B,   0xDF1C,   0xDF1B,   0xDF1B,   0xDF1B,   0xDEFB,   0xDEFB,
  0xE71C,   0xE71C,   0xE71C,   0xDEFB,   0xE71C,   0xE71C,   0xE71C,   0xE71C,   0xE71C,   0xE71C,   0xE71C,   0xDEFB,
  0xDEFB,   0xDEFB,   0xDEFB,   0xDEFB,   0xDEFB,   0xDEFB,   0xDEFB,   0xDEFB,   0xDEFB,   0xDEFB,   0xDEFB,   0xDEDB,
  0xDEDB,   0xDEDB,   0xDEDB,   0xDEDB,   0xDEDB,   0xDEDB,   0xDEDB,   0xDEDB,   0xDEDB,   0xDEDB,   0xDEDB,   0xD6DB,
  0xD6DB,   0xD6DB,   0xD6DB,   0xD6DB,   0xD6DB,   0xD6BB,   0xD6BB,   0xD6BB,   0xD6BB,   0xD6DB,   0xD6BB,   0xD6BB,
  0xDF1C,   0xC638,   0x73AF,   0x4209,   0x39C9,   0xA515,   0xDEFC,   0xD6BA,   0xD6BB,   0xD6BB,   0xD6BB,   0xD6BB,
  0xD6BB,   0xD6BB,   0xD6BB,   0xD6BB,   0xD69A,   0xD69A,   0xD69A,   0xD69A,   0xD69A,   0xD69A,   0xD69A,   0xD69A,
  0xD69A,   0xD69A,   0xD69A,   0xD69A,   0xD69A,   0xD69A,   0xD69A,   0xD69A,   0xD69A,   0xD69A,   0xD69A,   0xD69A,
  0xD69A,   0xD69A,   0xD69A,   0xD69A,   0xD69A,   0xD6BB,   0xD6BB,   0xD6BB,   0xD6BB,   0xD6BB,   0xD6BB,   0xD6BB,
  0xD6BB,   0xD6BB,   0xD6BB,   0xD6DB,   0xD6DB,   0xDEDB,   0xDEDB,   0xDEDB,   0xDEDB,   0xDEDB,   0xDEDB,   0xDEDB,
  0xDEFC,   0xDEFC,   0xDEFC,   0xDEFC,   0xDEFC,   0xDEFC,   0xDEFC,   0xDEFC,   0xDF1B,   0xDF1B,   0xDEFB,   0xDF1B,
  0xDF1B,   0xDEFB,   0xDF1B,   0xDF1B,   0xDEFB,   0xDEFB,   0xDEFB,   0xDEFB,   0xDEFB,   0xDEFB,   0xDEFB,   0xDEFB,
  0xDEFB,   0xDEFB,   0xDEFB,   0xDEFB,   0xE71C,   0xDEFB,   0xDEFB,   0xDEFB,   0xDEFB,   0xDEFB,   0xDEFB,   0xDEFB,
  0xDEFB,   0xDEFB,   0xDEFB,   0xDEFB,   0xDEFB,   0xDEFB,   0xDEDB,   0xDEDB,   0xDEDB,   0xDEDB,   0xDEDB,   0xDEDB,
  0xDEDB,   0xDEDB,   0xDEDB,   0xDEDB,   0xDEDB,   0xD6DB,   0xD6DB,   0xD6DB,   0xD6DB,   0xD6DB,   0xD6BB,   0xD6BB,
  0xD6BB,   0xD6BB,   0xD6BB,   0xD6BB,   0xD6BB,   0xD6BB,   0xD6BB,   0xDEFC,   0x9492,   0x39E8,   0x2987,   0x4A8C,
  0x4A6B,   0x9D15,   0xDEFC,   0xCE9A,   0xD6BB,   0xD6BB,   0xD69A,   0xD6BA,   0xD69B,   0xD6BB,   0xD69A,   0xD69A,
  0xD69A,   0xD69A,   0xD69A,   0xD69A,   0xD69A,   0xD69A,   0xD69A,   0xD69A,   0xD69A,   0xD69A,   0xCE9A,   0xCE9A,
  0xD69A,   0xD69A,   0xCE9A,   0xCE9A,   0xCE9A,   0xD69A,   0xD69A,   0xD69A,   0xD69A,   0xD69A,   0xD69A,   0xD69A,
  0xD69A,   0xD69A,   0xD6BB,   0xD6BB,   0xD6BB,   0xD6BB,   0xD6BB,   0xD6BB,   0xD6BB,   0xD6BB,   0xD6BB,   0xD6DB,
  0xD6DB,   0xDEDB,   0xDEDB,   0xDEDB,   0xDEDB,   0xDEDB,   0xDEDB,   0xDEDB,   0xDEFB,   0xDEFC,   0xDEFC,   0xDEFC,
  0xDEFC,   0xDEFC,   0xDEFC,   0xDEFC,   0xDF1B,   0xDEFB,   0xDEFB,   0xDF1B,   0xDEFB,   0xDEFB,   0xDF1B,   0xDF1B,
  0xDEFB,   0xDEFB,   0xDEFB,   0xDEFB,   0xDEFB,   0xDEFB,   0xDEFB,   0xDEFB,   0xDEFB,   0xDEFB,   0xDEFB,   0xDEFB,
  0xDEFB,   0xDEFB,   0xDEFB,   0xDEFB,   0xDEFB,   0xDEFB,   0xDEFB,   0xDEFB,   0xDEFB,   0xDEFB,   0xDEDB,   0xDEDB,
  0xDEDB,   0xDEDB,   0xDEDB,   0xDEDB,   0xDEDB,   0xDEDB,   0xDEDB,   0xDEDB,   0xDEDB,   0xD6DB,   0xD6DB,   0xD6DB,
  0xD6DB,   0xD6DB,   0xD6DB,   0xD6DB,   0xD6DB,   0xD6BB,   0xD6BB,   0xD6BB,   0xD6BB,   0xD6BB,   0xD6BB,   0xD6BB,
  0xD6BA,   0xD6BB,   0xD6DB,   0x738F,   0x31C8,   0x39E8,   0x424A,   0x52CD,   0x4A8B,   0xC618,   0xD6DB,   0xD69A,
  0xD69A,   0xD69A,   0xD69A,   0xCE9A,   0xD69A,   0xD69A,   0xD69A,   0xD69A,   0xD69A,   0xD69A,   0xD69A,   0xD69A,
  0xCE9A,   0xCE9A,   0xCE9A,   0xCE9A,   0xCE9A,   0xCE9A,   0xCE7A,   0xCE9A,   0xCE9A,   0xCE9A,   0xCE9A,   0xCE9A,
  0xCE9A,   0xCE9A,   0xCE9A,   0xCE9A,   0xCE9A,   0xCE9A,   0xCE9A,   0xCE9A,   0xD69A,   0xD69A,   0xD69A,   0xD69A,
  0xD69A,   0xD6BB,   0xD6BB,   0xD6BB,   0xD6BB,   0xD6BB,   0xD6BB,   0xD6BB,   0xD6DB,   0xD6DB,   0xDEDB,   0xD6DB,
  0xD6DB,   0xDEDB,   0xDEDB,   0xDEDB,   0xDEDB,   0xDEFC,   0xDEFC,   0xDEFC,   0xDEFC,   0xDEFC,   0xDEFC,   0xDEFC,
  0xDEFB,   0xDEFB,   0xDEFB,   0xDEFB,   0xDEFB,   0xDEFB,   0xDEFB,   0xDEFB,   0xDEFB,   0xDEFB,   0xDEFB,   0xDEFB,
  0xDEFB,   0xDEFB,   0xDEFB,   0xDEFB,   0xDEFB,   0xDEFB,   0xDEFB,   0xDEFB,   0xDEFB,   0xDEFB,   0xDEFB,   0xDEFB,
  0xDEFB,   0xDEFB,   0xDEFB,   0xDEFB,   0xDEDB,   0xDEDB,   0xDEDB,   0xDEDB,   0xDEDB,   0xDEDB,   0xDEDB,   0xDEDB,
  0xDEDB,   0xDEDB,   0xDEDB,   0xDEDB,   0xD6DB,   0xD6DA,   0xD6DA,   0xD6BB,   0xD6BB,   0xD6BB,   0xD6BB,   0xD6BB,
  0xD6BB,   0xD6BB,   0xD6BB,   0xD6BA,   0xD6BA,   0xD6BA,   0xD6BA,   0xD6BA,   0xD6BB,   0xD6BA,   0x632D,   0x39C8,
  0x528B,   0x39C8,   0x52CD,   0x426B,   0x630D,   0xD6BA,   0xD69A,   0xD69A,   0xD69A,   0xD69A,   0xCE9A,   0xCE9A,
  0xCE9A,   0xCE9A,   0xD69A,   0xCE9A,   0xCE9A,   0xD69A,   0xCE9A,   0xCE9A,   0xCE9A,   0xCE9A,   0xCE9A,   0xCE7A,
  0xCE7A,   0xCE7A,   0xCE7A,   0xCE7A,   0xCE7A,   0xCE7A,   0xCE7A,   0xCE7A,   0xCE7A,   0xCE7A,   0xCE7A,   0xCE7A,
  0xCE7A,   0xCE7A,   0xCE7A,   0xCE9A,   0xCE9A,   0xD69A,   0xD69A,   0xD69A,   0xD69A,   0xD69A,   0xD6BB,   0xD6BB,
  0xD6BB,   0xD6BB,   0xD6BB,   0xD6BB,   0xD6BB,   0xD6DB,   0xD6DB,   0xD6DB,   0xD6DB,   0xD6DB,   0xD6DB,   0xD6DB,
  0xDEDB,   0xDEDB,   0xDEDC,   0xDEDC,   0xDEFC,   0xDEFC,   0xDEFC,   0xDEFC,   0xDEFB,   0xDEFB,   0xDEFB,   0xDEFB,
  0xDEFB,   0xDEFB,   0xDEFB,   0xDEFB,   0xDEFB,   0xDEFB,   0xDEFB,   0xDEFB,   0xDEFB,   0xDEFB,   0xDEFB,   0xDEFB,
  0xDEFB,   0xDEFB,   0xDEFB,   0xDEFB,   0xDEFB,   0xDEFB,   0xDEFB,   0xDEFB,   0xDEFB,   0xDEFB,   0xDEDB,   0xDEDB,
  0xDEDB,   0xDEDB,   0xDEDB,   0xDEDB,   0xDEDB,   0xDEDB,   0xDEDB,   0xDEDB,   0xDEDB,   0xDEDB,   0xD6BA,   0xD6BA,
  0xD6BA,   0xD6BA,   0xD6BA,   0xD6BA,   0xD6BB,   0xD6BB,   0xD6BA,   0xD6BA,   0xD6BB,   0xD6BA,   0xD6BA,   0xD6BA,
  0xD6BA,   0xD6BA,   0xCEBA,   0xD6BB,   0xD69A,   0x6B6E,   0x31A7,   0x5B0D,   0x31A8,   0x424A,   0x4AAC,   0x3A2A,
  0x73B0,   0xD6DB,   0xCE7A,   0xCE9A,   0xCE9A,   0xD69A,   0xCE9A,   0xCE9A,   0xCE9A,   0xCE7A,   0xCE7A,   0xD6BA,
  0xD69A,   0xCE7A,   0xCE7A,   0xCE7A,   0xCE7A,   0xCE7A,   0xCE7A,   0xCE7A,   0xCE7A,   0xCE7A,   0xCE7A,   0xCE7A,
  0xCE7A,   0xCE7A,   0xCE7A,   0xCE7A,   0xCE7A,   0xCE7A,   0xCE7A,   0xCE7A,   0xCE7A,   0xCE7A,   0xCE7A,   0xCE7A,
  0xCE7A,   0xCE9A,   0xD69A,   0xD69A,   0xD69A,   0xD69A,   0xD69A,   0xD6BB,   0xD6BB,   0xD6BB,   0xD6BB,   0xD6BB,
  0xD6BB,   0xD6BB,   0xD6BB,   0xD6DB,   0xD6DB,   0xD6DB,   0xD6DB,   0xD6DB,   0xDEDB,   0xD6DB,   0xD6DB,   0xDEDC,
  0xDEFC,   0xDEDC,   0xDEFC,   0xDEFC,   0xDEFB,   0xDEFB,   0xDEFB,   0xDEFB,   0xDEFB,   0xDEFB,   0xDEFB,   0xDEFB,
  0xDEFB,   0xDEFB,   0xDEFB,   0xDEFB,   0xDEFB,   0xDEFB,   0xDEFB,   0xDEFB,   0xDEFB,   0xDEFB,   0xDEFB,   0xDEFB,
  0xDEFB,   0xDEFB,   0xDEFB,   0xDEFB,   0xDEFB,   0xDEDB,   0xDEDB,   0xDEDB,   0xDEDB,   0xDEDB,   0xDEDB,   0xDEDB,
  0xDEDB,   0xDEDB,   0xDEDB,   0xDEDB,   0xDEDB,   0xD6BA,   0xD6BA,   0xD6BA,   0xD6BA,   0xD6BA,   0xD6BA,   0xD6BA,
  0xD6BA,   0xD6BA,   0xD6BA,   0xD69A,   0xD6BA,   0xD6BA,   0xD6BA,   0xD69A,   0xD69A,   0xD69A,   0xD6BA,   0xD69A,
  0x73CF,   0x3187,   0x52CC,   0x4A6B,   0x31A7,   0x4AAC,   0x424B,   0x3A09,   0x8431,   0xD6DB,   0xCE7A,   0xCE9A,
  0xCE7A,   0xCE7A,   0xCE7A,   0xCE7A,   0xCE7A,   0xD6DB,   0xD6BA,   0xBDF7,   0xC638,   0xCE9A,   0xCE7A,   0xCE7A,
  0xCE7A,   0xCE7A,   0xCE7A,   0xCE7A,   0xCE7A,   0xCE7A,   0xCE7A,   0xCE7A,   0xCE7A,   0xCE7A,   0xCE7A,   0xCE7A,
  0xCE7A,   0xCE7A,   0xCE7A,   0xCE7A,   0xCE7A,   0xCE7A,   0xCE7A,   0xCE7A,   0xCE7A,   0xCE7A,   0xCE9A,   0xD69A,
  0xD69A,   0xD69A,   0xD69A,   0xD69A,   0xD6BB,   0xD6BB,   0xD6BB,   0xD6BB,   0xD6BB,   0xD6BB,   0xD6BB,   0xD6BB,
  0xD6DB,   0xD6DB,   0xD6DB,   0xD6DB,   0xDEDB,   0xD6DB,   0xDEDC,   0xDEDC,   0xD6DC,   0xDEDC,   0xDEFC,   0xDEFC,
  0xDEFB,   0xDEFB,   0xDEFB,   0xDEFB,   0xDEFB,   0xDEFB,   0xDEFB,   0xDEFB,   0xDEFB,   0xDEDB,   0xDEFB,   0xDEDB,
  0xDEDB,   0xDEFB,   0xDEFB,   0xDEFB,   0xDEFB,   0xDEFB,   0xDEFB,   0xDEDB,   0xDEFB,   0xDEFB,   0xDEDB,   0xDEDB,
  0xDEDB,   0xDEDB,   0xDEDB,   0xDEDA,   0xDEDA,   0xDEDB,   0xDEDB,   0xDEDB,   0xDEDB,   0xDEDB,   0xDEDB,   0xD6BA,
  0xD6BA,   0xD6BA,   0xD6BA,   0xD6BA,   0xD6BA,   0xD6BA,   0xD6BA,   0xD6BA,   0xD6BA,   0xD6BA,   0xD6BA,   0xD6BA,
  0xD69A,   0xD69A,   0xD69A,   0xD69A,   0xD69A,   0xCE9A,   0xD6DB,   0x8C72,   0x39E8,   0x3A09,   0x5B2E,   0x3187,
  0x422A,   0x4A6B,   0x424A,   0x3A09,   0x8C72,   0xD6DB,   0xCE79,   0xCE7A,   0xCE7A,   0xCE79,   0xCE7A,   0xD6BA,
  0xCE7A,   0x9CF4,   0x5AEC,   0x3A09,   0x5B0C,   0xD69A,   0xCE79,   0xCE79,   0xCE79,   0xCE7A,   0xCE79,   0xCE79,
  0xCE79,   0xCE7A,   0xCE7A,   0xCE59,   0xCE79,   0xCE79,   0xCE59,   0xCE59,   0xCE79,   0xCE7A,   0xCE7A,   0xCE79,
  0xCE79,   0xCE7A,   0xCE7A,   0xCE7A,   0xCE7A,   0xCE7A,   0xCE7A,   0xD69A,   0xD69A,   0xD69A,   0xD69A,   0xCE9A,
  0xCE9A,   0xD69A,   0xD6BA,   0xD6BB,   0xD6BB,   0xD6BB,   0xD6BB,   0xD6BB,   0xD6BB,   0xD6DB,   0xD6DB,   0xD6DB,
  0xD6DB,   0xD6DB,   0xD6DB,   0xD6DB,   0xD6DB,   0xDEDC,   0xDEDC,   0xDEFC,   0xDEFB,   0xDEFB,   0xDEFB,   0xDEFB,
  0xDEFB,   0xDEFB,   0xDEDB,   0xDEDB,   0xDEFB,   0xDEDB,   0xDEDB,   0xDEDB,   0xDEDB,   0xDEDB,   0xDEDB,   0xDEDB,
  0xDEDB,   0xDEDB,   0xDEDB,   0xDEDB,   0xDEDB,   0xDEDB,   0xDEDB,   0xDEDB,   0xDEDB,   0xDEDA,   0xDEDA,   0xDEDA,
  0xDEDA,   0xDEDA,   0xDEDA,   0xD6BA,   0xD6BA,   0xD6BA,   0xD6BA,   0xD6BA,   0xD6BA,   0xD6BA,   0xD6BA,   0xD6BA,
  0xD6BA,   0xD6BA,   0xD6BA,   0xD69A,   0xD69A,   0xD69A,   0xD69A,   0xD69A,   0xD69A,   0xD69A,   0xD69A,   0xCE9A,
  0xCE7A,   0xD6DB,   0xAD55,   0x4A6A,   0x3187,   0x52CC,   0x4A8B,   0x2966,   0x4A8C,   0x422A,   0x424A,   0x3A09,
  0x94D3,   0xD6DB,   0xCE59,   0xCE79,   0xCE59,   0xD69A,   0xCE9A,   0xA514,   0x630D,   0x39E8,   0x39E8,   0x2967,
  0x8410,   0xD6BB,   0xCE59,   0xCE79,   0xCE79,   0xCE79,   0xCE79,   0xCE59,   0xCE59,   0xCE59,   0xCE59,   0xCE59,
  0xCE59,   0xCE59,   0xCE59,   0xCE59,   0xCE59,   0xCE59,   0xCE59,   0xCE59,   0xCE79,   0xCE79,   0xCE5A,   0xCE7A,
  0xCE7A,   0xCE7A,   0xCE7A,   0xCE7A,   0xCE9A,   0xCE9A,   0xCE9A,   0xCE9A,   0xCE9A,   0xD69A,   0xD6BA,   0xD6BB,
  0xD6BB,   0xD6BB,   0xD6BB,   0xD6BB,   0xD6BB,   0xD6DB,   0xD6DB,   0xD6DB,   0xD6DB,   0xD6DB,   0xD6DB,   0xD6DB,
  0xD6DB,   0xDEDC,   0xDEDC,   0xDEFC,   0xDEFB,   0xDEFB,   0xDEFB,   0xDEFB,   0xDEDB,   0xDEDB,   0xDEDB,   0xDEDB,
  0xDEDB,   0xDEDB,   0xDEDB,   0xDEDB,   0xDEDB,   0xDEDB,   0xDEDB,   0xDEDB,   0xDEDB,   0xDEDB,   0xDEDB,   0xDEDB,
  0xDEDB,   0xDEDB,   0xDEDB,   0xDEDB,   0xDEDB,   0xDEDA,   0xDEDA,   0xDEDA,   0xD6BA,   0xD6BA,   0xD6BA,   0xD6BA,
  0xD6BA,   0xD6BA,   0xD6BA,   0xD6BA,   0xD6BA,   0xD6BA,   0xD6BA,   0xD69A,   0xD69A,   0xD69A,   0xD69A,   0xD69A,
  0xCE9A,   0xCE9A,   0xCE9A,   0xD69A,   0xD69A,   0xD69A,   0xCE9A,   0xCE9A,   0xCE99,   0xCE79,   0x6B4D,   0x31A7,
  0x39C8,   0x5AED,   0x3187,   0x39C8,   0x4A6B,   0x39E9,   0x424A,   0x39E9,   0x9CF4,   0xD6BA,   0xCE59,   0xCE59,
  0xD6BA,   0xBDD7,   0x6B6E,   0x3A09,   0x39E9,   0x4209,   0x31C8,   0x4229,   0xCE7A,   0xCE79,   0xCE59,   0xCE79,
  0xCE59,   0xCE59,   0xCE59,   0xCE59,   0xCE59,   0xCE59,   0xCE59,   0xCE59,   0xCE59,   0xCE59,   0xCE59,   0xCE59,
  0xCE59,   0xCE59,   0xCE59,   0xCE59,   0xCE59,   0xCE59,   0xCE59,   0xCE59,   0xCE7A,   0xCE7A,   0xCE7A,   0xCE7A,
  0xCE9A,   0xCE9A,   0xCE9A,   0xCE9A,   0xCE9A,   0xD69A,   0xD69A,   0xD6BA,   0xD6BB,   0xD6BB,   0xD6BB,   0xD6BB,
  0xD6BB,   0xD6BB,   0xD6DB,   0xD6DB,   0xD6DB,   0xD6DB,   0xD6DB,   0xD6DB,   0xD6DB,   0xD6DB,   0xDEDC,   0xDEFC,
  0xDEDB,   0xDEDB,   0xDEDB,   0xDEDA,   0xDEDB,   0xDEDB,   0xDEDB,   0xDEDB,   0xDEDA,   0xDEDA,   0xDEDB,   0xDEDB,
  0xDEDA,   0xDEDB,   0xDEDB,   0xDEDA,   0xDEDA,   0xDEDA,   0xDEDA,   0xDEDB,   0xDEDA,   0xDEDB,   0xDEDB,   0xDEDA,
  0xDEDA,   0xDEDA,   0xDEDA,   0xD6BA,   0xD6BA,   0xD6BA,   0xD6BA,   0xD6BA,   0xD6BA,   0xD6BA,   0xD6BA,   0xD69A,
  0xD69A,   0xD69A,   0xD69A,   0xD69A,   0xD699,   0xD69A,   0xCE79,   0xCE79,   0xCE79,   0xCE79,   0xCE79,   0xCE99,
  0xCE99,   0xCE79,   0xCE7A,   0xCE79,   0xD6BA,   0xA514,   0x4229,   0x2966,   0x4A6B,   0x4AAC,   0x2125,   0x424A,
  0x3A09,   0x39E9,   0x424A,   0x39E9,   0xA514,   0xD69A,   0xC638,   0xD69A,   0xA555,   0x4A4A,   0x39E8,   0x3A09,
  0x31C8,   0x3A09,   0x2105,   0x9492,   0xD6BA,   0xC639,   0xCE59,   0xCE59,   0xCE59,   0xCE59,   0xCE59,   0xCE59,
  0xCE59,   0xCE59,   0xCE59,   0xCE59,   0xC659,   0xCE59,   0xCE59,   0xCE59,   0xC659,   0xC659,   0xC659,   0xCE59,
  0xCE59,   0xCE59,   0xCE59,   0xCE59,   0xCE79,   0xCE7A,   0xCE7A,   0xCE7A,   0xCE7A,   0xCE7A,   0xCE9A,   0xCE9A,
  0xCE9A,   0xCE9A,   0xD69A,   0xD69A,   0xD6BA,   0xD69B,   0xD6BB,   0xD6BB,   0xD6BB,   0xD6BB,   0xD6BB,   0xD6DB,
  0xD6DB,   0xD6DB,   0xD6DB,   0xD6DB,   0xD6DB,   0xD6DB,   0xD6DB,   0xDEDC,   0xDEDA,   0xDEDB,   0xDEDA,   0xDEDA,
  0xDEDA,   0xDEDA,   0xDEDA,   0xDEDA,   0xDEDA,   0xDEDA,   0xDEDA,   0xDEDA,   0xDEDA,   0xDEDA,   0xDEDA,   0xDEDA,
  0xDEDA,   0xDEDA,   0xDEDA,   0xDEDA,   0xDEDA,   0xDEDA,   0xDEDA,   0xDEDA,   0xDEDA,   0xDEDA,   0xD6BA,   0xD6BA,
  0xD6BA,   0xD6BA,   0xD6BA,   0xD6BA,   0xD6BA,   0xD69A,   0xD69A,   0xD69A,   0xD699,   0xD699,   0xCE79,   0xCE79,
  0xCE79,   0xCE79,   0xCE79,   0xCE59,   0xCE59,   0xCE79,   0xCE79,   0xCE79,   0xCE79,   0xCE79,   0xCE79,   0xCE79,
  0xD69A,   0x738E,   0x3186,   0x3187,   0x52CC,   0x3A09,   0x2925,   0x4A8B,   0x31C8,   0x39E9,   0x424B,   0x39C8,
  0xA535,   0xCE79,   0xCE79,   0xB596,   0x4229,   0x39E8,   0x3A29,   0x31A7,   0x39E8,   0x2966,   0x4208,   0xC638,
  0xCE59,   0xC659,   0xCE59,   0xC659,   0xCE59,   0xCE59,   0xCE59,   0xCE59,   0xC659,   0xC659,   0xC659,   0xC659,
  0xC659,   0xC659,   0xC639,   0xC639,   0xC639,   0xC639,   0xC639,   0xC639,   0xC659,   0xC659,   0xCE59,   0xCE59,
  0xCE59,   0xCE59,   0xCE7A,   0xCE7A,   0xCE7A,   0xCE7A,   0xCE7A,   0xCE7A,   0xCE9A,   0xCE9A,   0xD69A,   0xD69A,
  0xCE9A,   0xD69B,   0xD6BB,   0xD6BB,   0xD6BB,   0xD6BB,   0xD6BB,   0xD6BB,   0xD6DB,   0xD6DB,   0xD6DB,   0xD6DB,
  0xD6DB,   0xD6DB,   0xD6DB,   0xD6DB,   0xDEDA,   0xDEDA,   0xDEDA,   0xDEDA,   0xDEDA,   0xDEDA,   0xDEDA,   0xDEDA,
  0xDEDA,   0xDEDA,   0xDEDA,   0xDEDA,   0xDEDA,   0xDEDA,   0xDEDA,   0xDEDA,   0xDEDA,   0xDEDA,   0xDEDA,   0xDEDA,
  0xDEDA,   0xDEDA,   0xDEDA,   0xDEDA,   0xD6BA,   0xD6BA,   0xD6BA,   0xD6BA,   0xD6BA,   0xD6BA,   0xD6BA,   0xD6BA,
  0xD69A,   0xD69A,   0xD69A,   0xD699,   0xD679,   0xCE79,   0xCE79,   0xCE59,   0xCE59,   0xCE59,   0xCE59,   0xCE58,
  0xCE59,   0xCE59,   0xCE59,   0xCE79,   0xCE79,   0xCE79,   0xCE59,   0xCE9A,   0xBDD7,   0x4A6A,   0x2946,   0x39E8,
  0x52CC,   0x2966,   0x3187,   0x4A6B,   0x31A8,   0x3A09,   0x426B,   0x31C8,   0xA555,   0xCE79,   0xC638,   0x52AB,
  0x39C8,   0x39E9,   0x31C8,   0x31A7,   0x39C8,   0x2125,   0x73AF,   0xD69A,   0xC638,   0xC639,   0xC639,   0xC639,
  0xC639,   0xC639,   0xC639,   0xC639,   0xC639,   0xC639,   0xC639,   0xC639,   0xC639,   0xC639,   0xC639,   0xC639,
  0xC639,   0xC639,   0xC639,   0xC639,   0xC639,   0xC659,   0xC659,   0xCE59,   0xCE59,   0xCE59,   0xCE59,   0xCE7A,
  0xCE7A,   0xCE7A,   0xCE7A,   0xCE9A,   0xCE9A,   0xCE9A,   0xCE9A,   0xCE9A,   0xCE9A,   0xD69A,   0xD6BB,   0xD6BB,
  0xD6BB,   0xD6BB,   0xD6BB,   0xD6BB,   0xD6BB,   0xD6BB,   0xD6DB,   0xD6DB,   0xD6DB,   0xD6DB,   0xD6DB,   0xD6DB,
  0xDEDA,   0xD6BA,   0xDEDA,   0xDEDA,   0xDEDA,   0xDEDA,   0xDEDA,   0xDEDA,   0xDEDA,   0xDEDA,   0xDEDA,   0xDEDA,
  0xDEDA,   0xD6BA,   0xD6BA,   0xD6BA,   0xD6BA,   0xDEDA,   0xD6BA,   0xDEDA,   0xD6BA,   0xD6BA,   0xDEDA,   0xD6BA,
  0xD6BA,   0xD6BA,   0xD6BA,   0xD6BA,   0xD6BA,   0xD6BA,   0xD6BA,   0xD69A,   0xD69A,   0xD699,   0xCE79,   0xCE79,
  0xCE79,   0xCE58,   0xCE58,   0xCE38,   0xCE38,   0xCE38,   0xCE38,   0xCE58,   0xCE58,   0xCE59,   0xCE59,   0xCE59,
  0xCE59,   0xCE59,   0xCE59,   0xD69A,   0x9CD3,   0x39C7,   0x2945,   0x422A,   0x4A6B,   0x2125,   0x39E9,   0x424A,
  0x31C8,   0x3A09,   0x4A6B,   0x3187,   0x9CF4,   0xD6BA,   0x7BEF,   0x31A7,   0x31C8,   0x39E9,   0x2946,   0x39E8,
  0x2966,   0x2966,   0xA534,   0xCE79,   0xC638,   0xC638,   0xC638,   0xC638,   0xC639,   0xC639,   0xC639,   0xC639,
  0xC639,   0xC639,   0xC639,   0xC639,   0xC639,   0xC639,   0xC638,   0xC638,   0xC638,   0xC638,   0xC639,   0xC639,
  0xC639,   0xC639,   0xC639,   0xC639,   0xC659,   0xCE59,   0xCE59,   0xCE59,   0xCE59,   0xCE7A,   0xCE7A,   0xCE7A,
  0xCE7A,   0xCE9A,   0xCE9A,   0xCE9A,   0xCE9A,   0xCE9A,   0xCE9A,   0xD69B,   0xD6BB,   0xD6BB,   0xD6BB,   0xD6BB,
  0xD6BB,   0xD6BB,   0xD6DB,   0xD6DB,   0xD6DB,   0xD6DB,   0xD6DB,   0xD6DB,   0xD6DA,   0xD6BA,   0xD6BA,   0xD6BA,
  0xDEBA,   0xD6BA,   0xD6BA,   0xD6BA,   0xDEDA,   0xD6BA,   0xD6BA,   0xDEDA,   0xD6BA,   0xD6BA,   0xD6BA,   0xD6BA,
  0xD6BA,   0xD6BA,   0xD6BA,   0xD6BA,   0xD6BA,   0xD6BA,   0xD6BA,   0xD6BA,   0xD6BA,   0xD6BA,   0xD6BA,   0xD6BA,
  0xD6BA,   0xD6BA,   0xD69A,   0xD69A,   0xD699,   0xCE79,   0xCE79,   0xCE58,   0xCE58,   0xC638,   0xC638,   0xC617,
  0xC617,   0xC618,   0xC617,   0xCE79,   0x7BEF,   0x6B6E,   0xD69A,   0xC658,   0xC659,   0xC659,   0xC639,   0xD69A,
  0x73AF,   0x2966,   0x2966,   0x426B,   0x3A09,   0x2104,   0x424A,   0x3A09,   0x31A8,   0x3A09,   0x426B,   0x2966,
  0x9CF4,   0xBDF7,   0x3187,   0x31A7,   0x39E9,   0x31A7,   0x3187,   0x31C8,   0x2946,   0x4229,   0xBE18,   0xC638,
  0xC618,   0xC618,   0xC618,   0xC618,   0xC638,   0xC638,   0xC638,   0xC638,   0xC638,   0xC638,   0xC638,   0xC638,
  0xC638,   0xC638,   0xC618,   0xC618,   0xC618,   0xC638,   0xC638,   0xC638,   0xC639,   0xC639,   0xC639,   0xC639,
  0xC639,   0xC659,   0xCE59,   0xCE59,   0xCE59,   0xCE7A,   0xCE7A,   0xCE7A,   0xCE7A,   0xCE7A,   0xCE7A,   0xCE9A,
  0xCE9A,   0xCE9A,   0xCE9A,   0xD69B,   0xD6BB,   0xD6BB,   0xD6BB,   0xD6BB,   0xD6BB,   0xD6BB,   0xD6BB,   0xD6DB,
  0xD6BB,   0xD6DB,   0xD6DB,   0xD6DB,   0xD6DA,   0xD6DA,   0xD6BA,   0xD6BA,   0xD6BA,   0xD6BA,   0xD6BA,   0xD6BA,
  0xD6BA,   0xD6BA,   0xD6BA,   0xD6BA,   0xD6BA,   0xD6BA,   0xD6BA,   0xD6BA,   0xD6BA,   0xD6BA,   0xD6BA,   0xD6BA,
  0xD6BA,   0xD6BA,   0xD6BA,   0xD6BA,   0xD6BA,   0xD6BA,   0xD6BA,   0xD6BA,   0xD69A,   0xD69A,   0xD699,   0xD699,
  0xCE79,   0xCE79,   0xCE58,   0xCE38,   0xC617,   0xC617,   0xC5F7,   0xC5F7,   0xC5F7,   0xC617,   0xC617,   0xC617,
  0x4A49,   0x31A8,   0x9CF4,   0xCE99,   0xC638,   0xC638,   0xC638,   0xCE59,   0x5AAB,   0x2125,   0x3187,   0x426B,
  0x31A7,   0x2125,   0x424A,   0x31C8,   0x31C8,   0x39E9,   0x424A,   0x2146,   0x9D14,   0x8431,   0x2145,   0x31A7,
  0x3A09,   0x2145,   0x31C8,   0x3187,   0x2946,   0x630C,   0xCE79,   0xBDF8,   0xC618,   0xC618,   0xC618,   0xC618,
  0xC618,   0xC618,   0xC618,   0xC618,   0xC618,   0xC618,   0xC618,   0xC618,   0xC618,   0xC618,   0xC618,   0xC618,
  0xC618,   0xC618,   0xC618,   0xC618,   0xC618,   0xC638,   0xC638,   0xC639,   0xC639,   0xC639,   0xC659,   0xC659,
  0xCE59,   0xCE59,   0xCE59,   0xCE7A,   0xCE7A,   0xCE7A,   0xCE7A,   0xCE9A,   0xCE9A,   0xCE9A,   0xCE9A,   0xCE9A,
  0xD6BB,   0xD6BB,   0xD6BB,   0xD6BB,   0xD6BB,   0xD6BB,   0xD6BB,   0xD6DB,   0xD6BB,   0xD6DB,   0xD6DB,   0xD6DB,
  0xD6BA,   0xD6BA,   0xD6BA,   0xD6BA,   0xD6BA,   0xD6BA,   0xD6BA,   0xD6BA,   0xD6BA,   0xD6BA,   0xD6BA,   0xD6BA,
  0xD6BA,   0xD6BA,   0xD6BA,   0xD6BA,   0xD6BA,   0xD6BA,   0xD6BA,   0xD6BA,   0xD6BA,   0xD6BA,   0xD6BA,   0xD6BA,
  0xD6BA,   0xD6BA,   0xD69A,   0xD6BA,   0xD69A,   0xD699,   0xD699,   0xCE79,   0xCE79,   0xCE58,   0xC638,   0xC617,
  0xC5F7,   0xBDD6,   0xBDD6,   0xBDD6,   0xBDD6,   0xBDD6,   0xC617,   0xB575,   0x39C8,   0x39E8,   0x52CC,   0xBDF7,
  0xC658,   0xC618,   0xC638,   0xBDF7,   0x4208,   0x2925,   0x31A7,   0x424A,   0x2966,   0x2125,   0x424A,   0x31C8,
  0x31C8,   0x39E9,   0x424A,   0x2126,   0x8C51,   0x52AB,   0x2125,   0x31C8,   0x31A7,   0x2145,   0x39E8,   0x2966,
  0x2966,   0x7BEF,   0xCE79,   0xBDF7,   0xBDF7,   0xBE18,   0xBE18,   0xC618,   0xC618,   0xBE18,   0xBE18,   0xC618,
  0xC618,   0xC618,   0xC618,   0xC618,   0xC618,   0xC618,   0xC618,   0xC618,   0xC618,   0xC618,   0xC618,   0xC618,
  0xC618,   0xC618,   0xC618,   0xC618,   0xC638,   0xC639,   0xC639,   0xC639,   0xCE59,   0xCE59,   0xCE59,   0xCE59,
  0xCE7A,   0xCE7A,   0xCE7A,   0xCE7A,   0xCE9A,   0xCE9A,   0xCE9A,   0xCE9A,   0xD69B,   0xD69B,   0xD6BB,   0xD6BB,
  0xD6BB,   0xD6BB,   0xD6BB,   0xD6BB,   0xD6BB,   0xD6BB,   0xD6DB,   0xD6DB,   0xD6BA,   0xD6BA,   0xD6BA,   0xD6BA,
  0xD6BA,   0xD6BA,   0xD6BA,   0xD6BA,   0xD6BA,   0xD6BA,   0xD6BA,   0xD6BA,   0xD6BA,   0xD6BA,   0xD6BA,   0xD6BA,
  0xD6BA,   0xD6BA,   0xD6BA,   0xD6BA,   0xD6BA,   0xD6BA,   0xD6BA,   0xD6BA,   0xD6BA,   0xD6BA,   0xD69A,   0xD69A,
  0xD699,   0xD699,   0xCE79,   0xCE79,   0xCE58,   0xC638,   0xC617,   0xC5F7,   0xBDD6,   0xBDB5,   0xBD95,   0xBD95,
  0xBDB5,   0xBDB6,   0xC617,   0xA4F3,   0x31C8,   0x39C8,   0x424A,   0x6B8E,   0xCE59,   0xBDF7,   0xC618,   0xAD95,
  0x39A7,   0x2945,   0x31A7,   0x422A,   0x2125,   0x2945,   0x424A,   0x31A8,   0x31A8,   0x39E8,   0x422A,   0x2966,
  0x4229,   0x2945,   0x2105,   0x3A09,   0x2125,   0x3187,   0x31A7,   0x2986,   0x2966,   0x8C71,   0xCE59,   0xBDF7,
  0xBDF7,   0xBDF7,   0xBDF8,   0xBDF8,   0xBDF8,   0xBDF8,   0xBDF8,   0xBE18,   0xBE18,   0xBE18,   0xBE18,   0xBE18,
  0xBE18,   0xBE18,   0xBE18,   0xBE18,   0xBE18,   0xBE18,   0xBE18,   0xC618,   0xC618,   0xC618,   0xC618,   0xC618,
  0xC618,   0xC639,   0xC639,   0xC639,   0xC659,   0xC659,   0xCE59,   0xCE59,   0xCE7A,   0xCE7A,   0xCE7A,   0xCE7A,
  0xCE7A,   0xCE9A,   0xCE9A,   0xCE9A,   0xCE9A,   0xD69B,   0xD69B,   0xD6BB,   0xD6BB,   0xD6BB,   0xD6BB,   0xD6BB,
  0xD6BB,   0xD6BB,   0xD6DB,   0xD6DB,   0xD6BA,   0xD6BA,   0xD6BA,   0xD6BA,   0xD6BA,   0xD6BA,   0xD6BA,   0xD6BA,
  0xD6BA,   0xD6BA,   0xD6BA,   0xD6BA,   0xD6BA,   0xD6BA,   0xD6BA,   0xD6BA,   0xD6BA,   0xD6BA,   0xD6BA,   0xD69A,
  0xD6BA,   0xD6BA,   0xD6BA,   0xD6BA,   0xD69A,   0xD69A,   0xD69A,   0xD699,   0xD699,   0xCE79,   0xCE79,   0xCE58,
  0xC638,   0xC617,   0xC5F7,   0xBDD6,   0xBD95,   0xB574,   0xB554,   0xB574,   0xB595,   0xB595,   0xC617,   0x94B2,
  0x31A7,   0x31C8,   0x424A,   0x3A09,   0x8C92,   0xC618,   0xBDF7,   0xA534,   0x2966,   0x2945,   0x31A7,   0x39E9,
  0x2925,   0x2946,   0x422A,   0x31A8,   0x31C8,   0x39E8,   0x422A,   0x31A7,   0x18E4,   0x0841,   0x2966,   0x31C8,
  0x2104,   0x31C7,   0x2946,   0x3187,   0x2966,   0x9CD3,   0xC638,   0xBDF7,   0xBDF7,   0xBDF7,   0xBDF7,   0xBDF7,
  0xBDF7,   0xBDF7,   0xBDF8,   0xBDF8,   0xBDF8,   0xBDF8,   0xBDF8,   0xBDF8,   0xBDF8,   0xBDF8,   0xBDF8,   0xBDF8,
  0xBDF8,   0xBDF8,   0xBDF8,   0xBDF8,   0xBDF8,   0xBE18,   0xBE18,   0xC618,   0xC618,   0xC618,   0xC639,   0xC639,
  0xC639,   0xC639,   0xC659,   0xC659,   0xCE79,   0xCE79,   0xCE7A,   0xCE7A,   0xCE7A,   0xCE9A,   0xCE9A,   0xCE9A,
  0xCE9A,   0xD69B,   0xD6BB,   0xD6BB,   0xD6BB,   0xD6BB,   0xD6BB,   0xD6BB,   0xD6BB,   0xD6BB,   0xD6BB,   0xD6DB,
  0xD6BA,   0xD6BA,   0xD6BA,   0xD6BA,   0xD6BA,   0xD6BA,   0xD6BA,   0xD6BA,   0xD6BA,   0xD6BA,   0xD6BA,   0xD6BA,
  0xD6BA,   0xD69A,   0xD6BA,   0xD6BA,   0xD69A,   0xD69A,   0xD69A,   0xD69A,   0xD69A,   0xD69A,   0xD6BA,   0xD69A,
  0xD69A,   0xD69A,   0xD699,   0xD679,   0xCE79,   0xCE79,   0xCE58,   0xC638,   0xC617,   0xC5F7,   0xBDD6,   0xBD95,
  0xB574,   0xAD33,   0xAD33,   0xB554,   0xB574,   0xB595,   0xC5F7,   0x8C71,   0x2987,   0x31C8,   0x31A7,   0x4A6B,
  0x39E8,   0xAD75,   0xBDF7,   0x9CF3,   0x2945,   0x2945,   0x3187,   0x39E8,   0x2105,   0x2945,   0x3A2A,   0x31A7,
  0x31E8,   0x3A09,   0x3A29,   0x31C8,   0x2125,   0x1082,   0x31A8,   0x2966,   0x18E4,   0x31A7,   0x2146,   0x2987,
  0x2966,   0xA514,   0xC638,   0xBDD7,   0xBDF7,   0xBDF7,   0xBDF7,   0xBDF7,   0xBDF7,   0xBDF7,   0xBDF7,   0xBDF7,
  0xBDF7,   0xBDF7,   0xBDF7,   0xBDF7,   0xBDF7,   0xBDF7,   0xBDF7,   0xBDF7,   0xBDF7,   0xBDF7,   0xBDF8,   0xBDF8,
  0xBDF8,   0xBDF8,   0xBDF8,   0xBE18,   0xBE18,   0xC618,   0xC618,   0xC639,   0xC639,   0xC639,   0xC659,   0xC659,
  0xC659,   0xC659,   0xCE79,   0xCE7A,   0xCE7A,   0xCE7A,   0xCE7A,   0xCE9A,   0xCE9A,   0xCE9A,   0xD69B,   0xD69B,
  0xD6BB,   0xD6BB,   0xD6BB,   0xD6BB,   0xD6BB,   0xD6BB,   0xD6BB,   0xD6BB,   0xD69A,   0xD69A,   0xD69A,   0xD69A,
  0xD6BA,   0xD6BA,   0xD69A,   0xD69A,   0xD69A,   0xD69A,   0xD69A,   0xD6BA,   0xD69A,   0xD69A,   0xD69A,   0xD69A,
  0xD69A,   0xD69A,   0xD699,   0xD69A,   0xD699,   0xD69A,   0xD69A,   0xD69A,   0xD69A,   0xD699,   0xCE79,   0xCE79,
  0xCE79,   0xCE58,   0xCE38,   0xC617,   0xBDF6,   0xBDB6,   0xBD95,   0xB574,   0xB533,   0xAD13,   0xAD13,   0xAD33,
  0xB554,   0xB575,   0xC5F7,   0x8430,   0x2966,   0x39E8,   0x2966,   0x424A,   0x31C8,   0x4229,   0xC5F7,   0xA4F3,
  0x2925,   0x2925,   0x2987,   0x31C8,   0x2104,   0x2125,   0x3A09,   0x29A7,   0x31E8,   0x3A09,   0x3A29,   0x31C8,
  0x2986,   0x18E4,   0x31C8,   0x2105,   0x2105,   0x31A7,   0x2145,   0x2987,   0x2987,   0xAD55,   0xC618,   0xBDD7,
  0xBDD7,   0xBDD7,   0xBDD7,   0xBDD7,   0xBDD7,   0xBDD7,   0xBDD7,   0xBDD7,   0xBDD7,   0xBDD7,   0xBDD7,   0xBDD7,
  0xBDD7,   0xBDD7,   0xBDF7,   0xBDF7,   0xBDF7,   0xBDF7,   0xBDF7,   0xBDF7,   0xBDF7,   0xBDF7,   0xBDF8,   0xBDF8,
  0xBDF8,   0xBE18,   0xC618,   0xC618,   0xC638,   0xC639,   0xC639,   0xC639,   0xC659,   0xC659,   0xC659,   0xCE79,
  0xCE7A,   0xCE7A,   0xCE7A,   0xCE7A,   0xCE9A,   0xCE9A,   0xCE9A,   0xD69B,   0xD69B,   0xD6BB,   0xD6BB,   0xD6BB,
  0xD6BB,   0xD6BB,   0xD6BB,   0xD6DB,   0xD69A,   0xD69A,   0xD69A,   0xD69A,   0xD69A,   0xD69A,   0xD69A,   0xD69A,
  0xD69A,   0xD699,   0xD69A,   0xD699,   0xD6B9,   0xD69A,   0xD69A,   0xD69A,   0xD69A,   0xD699,   0xD699,   0xD699,
  0xD699,   0xD699,   0xD69A,   0xD699,   0xD699,   0xCE79,   0xCE79,   0xCE58,   0xCE58,   0xC638,   0xC617,   0xC5F7,
  0xBDB5,   0xB595,   0xB575,   0xB554,   0xAD33,   0xAD12,   0xAD13,   0xAD33,   0xB554,   0xB574,   0xBDD6,   0x83EF,
  0x2966,   0x39C8,   0x2966,   0x31C8,   0x424A,   0x18E4,   0x630C,   0x9CF3,   0x2104,   0x2104,   0x2966,   0x31C8,
  0x2104,   0x2105,   0x39E9,   0x31A7,   0x31C8,   0x3A09,   0x3A09,   0x31E8,   0x2987,   0x2966,   0x29A7,   0x18E4,
  0x2125,   0x2987,   0x2145,   0x2966,   0x31A7,   0xAD75,   0xBDF7,   0xBDD7,   0xBDD7,   0xBDD7,   0xBDD7,   0xBDD7,
  0xBDD7,   0xBDD7,   0xBDD7,   0xBDD7,   0xBDD7,   0xBDD7,   0xBDD7,   0xBDD7,   0xBDD7,   0xBDD7,   0xBDD7,   0xBDD7,
  0xBDD7,   0xBDD7,   0xBDD7,   0xBDD7,   0xBDF7,   0xBDD7,   0xBDF7,   0xBDF7,   0xBDF8,   0xBDF8,   0xBE18,   0xC618,
  0xC618,   0xC638,   0xC639,   0xC639,   0xC639,   0xC659,   0xC659,   0xCE59,   0xCE5A,   0xCE7A,   0xCE7A,   0xCE7A,
  0xCE9A,   0xCE9A,   0xCE9A,   0xD69B,   0xD69B,   0xD6BB,   0xD6BB,   0xD6BB,   0xD6BB,   0xD6BB,   0xD6BB,   0xD6BB,
  0xD69A,   0xD699,   0xD69A,   0xD69A,   0xD69A,   0xD699,   0xD699,   0xD69A,   0xD69A,   0xD699,   0xD699,   0xD699,
  0xD699,   0xD699,   0xD699,   0xD699,   0xD699,   0xD699,   0xD699,   0xD699,   0xD699,   0xD699,   0xD699,   0xD699,
  0xCE79,   0xCE79,   0xCE58,   0xCE58,   0xC638,   0xC617,   0xC5F7,   0xBDB6,   0xB574,   0xB554,   0xB554,   0xAD33,
  0xAD12,   0xA4F2,   0xACF2,   0xAD33,   0xB534,   0xB554,   0xBDB6,   0x7BAE,   0x2945,   0x31A7,   0x2986,   0x2986,
  0x39E9,   0x3A09,   0x10C3,   0x39E8,   0x2104,   0x2104,   0x2966,   0x31C7,   0x2104,   0x2104,   0x31C8,   0x31A8,
  0x31C8,   0x3A09,   0x3A09,   0x31E8,   0x2987,   0x31A7,   0x2986,   0x18E4,   0x2966,   0x31C8,   0x2987,   0x2987,
  0x39E8,   0xB5B6,   0xC618,   0xBDD7,   0xBDB6,   0xBDB6,   0xBDD7,   0xBDD7,   0xBDD7,   0xB5B7,   0xB5D7,   0xB5B6,
  0xB5B6,   0xB5B6,   0xB5B6,   0xB5B6,   0xBDD7,   0xBDD7,   0xBDD7,   0xBDD7,   0xBDD7,   0xBDD7,   0xBDD7,   0xBDD7,
  0xBDD7,   0xBDD7,   0xBDD7,   0xBDD7,   0xBDF7,   0xBDF8,   0xBDF8,   0xBE18,   0xC618,   0xC618,   0xC638,   0xC639,
  0xC639,   0xC659,   0xC659,   0xC659,   0xCE59,   0xCE5A,   0xCE7A,   0xCE7A,   0xCE7A,   0xCE9A,   0xCE9A,   0xCE9A,
  0xD69B,   0xD69B,   0xD6BB,   0xD6BB,   0xD6BB,   0xD6BB,   0xD6BB,   0xD6BB,   0xD699,   0xD699,   0xD699,   0xD699,
  0xD699,   0xD699,   0xD699,   0xD699,   0xD699,   0xD699,   0xD699,   0xD699,   0xD699,   0xD699,   0xCE99,   0xD699,
  0xD699,   0xCE99,   0xD699,   0xD679,   0xD679,   0xD699,   0xD699,   0xCE79,   0xCE79,   0xCE79,   0xCE38,   0xC618,
  0xC617,   0xC5F7,   0xBDD6,   0xBD95,   0xB553,   0xAD33,   0xAD33,   0xAD13,   0xACF2,   0xA4F2,   0xA4F2,   0xAD13,
  0xAD33,   0xAD34,   0xBDB5,   0x7BAE,   0x2945,   0x2987,   0x31A7,   0x2966,   0x31C8,   0x39E9,   0x3187,   0x18E4,
  0x18C3,   0x20E4,   0x2946,   0x31A7,   0x2125,   0x20E4,   0x31A7,   0x31A8,   0x31C8,   0x3A29,   0x3A09,   0x39E9,
  0x31C8,   0x39E8,   0x2986,   0x2966,   0x2986,   0x39C8,   0x3A09,   0x4229,   0x52AC,   0x7C11,   0x9CF4,   0xB5B6,
  0xBDF7,   0xBDF7,   0xB5B6,   0xB5B6,   0xB5B6,   0xB5B6,   0xB5B6,   0xB5B6,   0xB5B6,   0xB5B6,   0xB5B6,   0xB5B6,
  0xB5B6,   0xB5B6,   0xB5B6,   0xB5B7,   0xBDD7,   0xBDD7,   0xBDD7,   0xBDD7,   0xBDD7,   0xBDD7,   0xBDD7,   0xBDD7,
  0xBDF7,   0xBDF7,   0xBDF8,   0xBDF8,   0xBE18,   0xC618,   0xC618,   0xC618,   0xC639,   0xC639,   0xC659,   0xC659,
  0xC659,   0xCE5A,   0xCE7A,   0xCE7A,   0xCE7A,   0xCE7A,   0xCE9A,   0xCE9A,   0xCE9A,   0xD69B,   0xD6BB,   0xD6BB,
  0xD6BB,   0xD6BB,   0xD6BB,   0xD6BB,   0xD699,   0xD699,   0xD699,   0xD699,   0xCE79,   0xD699,   0xD699,   0xD699,
  0xD699,   0xD699,   0xD699,   0xD699,   0xD679,   0xCE99,   0xD679,   0xD679,   0xCE79,   0xCE99,   0xCE79,   0xCE79,
  0xCE79,   0xCE79,   0xCE79,   0xCE79,   0xCE79,   0xCE58,   0xC638,   0xC617,   0xBDF6,   0xBDD6,   0xBD95,   0xB554,
  0xAD13,   0xAD12,   0xAD12,   0xACF2,   0xA4D2,   0xA4D2,   0xA4D2,   0xAD12,   0xAD13,   0xAD33,   0xB595,   0x83CE,
  0x2966,   0x2946,   0x31A7,   0x2966,   0x2966,   0x31C8,   0x2987,   0x18E4,   0x1082,   0x20E4,   0x2945,   0x2987,
  0x2125,   0x18E4,   0x2966,   0x31C8,   0x31E8,   0x424A,   0x3A29,   0x31E8,   0x31A7,   0x39E8,   0x31C8,   0x31A7,
  0x2987,   0x31A7,   0x31C8,   0x39E9,   0x4A6A,   0x52AC,   0x5AEC,   0x6B8E,   0x8431,   0xAD55,   0xBDF7,   0xBDD7,
  0xB5B6,   0xB5B6,   0xB5B6,   0xB5B6,   0xB5B6,   0xB596,   0xB5B6,   0xB5B6,   0xB5B6,   0xB5B6,   0xB5B6,   0xB5B6,
  0xB5B7,   0xB5B7,   0xB5B7,   0xBDD7,   0xBDD7,   0xBDD7,   0xBDD7,   0xBDD7,   0xBDD7,   0xBDD7,   0xBDF7,   0xBDF8,
  0xBDF8,   0xBE18,   0xBE18,   0xC618,   0xC618,   0xC639,   0xC639,   0xC659,   0xC659,   0xCE59,   0xCE5A,   0xCE7A,
  0xCE7A,   0xCE7A,   0xCE9A,   0xCE9A,   0xCE9A,   0xCE9A,   0xD69B,   0xD6BB,   0xD6BB,   0xD6BB,   0xD6BB,   0xD6BB,
  0xCE79,   0xCE99,   0xCE99,   0xCE99,   0xCE99,   0xCE79,   0xCE99,   0xCE79,   0xCE79,   0xCE79,   0xCE79,   0xCE79,
  0xCE79,   0xCE79,   0xCE79,   0xCE79,   0xCE79,   0xCE79,   0xCE79,   0xCE79,   0xCE79,   0xCE79,   0xCE79,   0xCE79,
  0xCE58,   0xCE38,   0xC617,   0xBDF6,   0xBDB6,   0xBD95,   0xB574,   0xAD33,   0xAD12,   0xA4F2,   0xA4F2,   0xA4D2,
  0xA4D2,   0xA4D1,   0xA4D2,   0xA4F2,   0xAD13,   0xAD13,   0xB554,   0x8C50,   0x2965,   0x2945,   0x2966,   0x3187,
  0x2945,   0x31A7,   0x2966,   0x10C3,   0x1082,   0x18C3,   0x2125,   0x2987,   0x2145,   0x18E4,   0x2145,   0x31C8,
  0x31C8,   0x2966,   0x2125,   0x2986,   0x2986,   0x2946,   0x2966,   0x2966,   0x2966,   0x31A7,   0x39E8,   0x4209,
  0x424A,   0x4A6A,   0x4A6A,   0x4A8B,   0x52AC,   0x632D,   0x7C10,   0xAD75,   0xBDF7,   0xB5B6,   0xB5B6,   0xB5B6,
  0xB596,   0xB596,   0xB596,   0xB596,   0xB5B6,   0xB596,   0xB596,   0xB5B6,   0xB5B6,   0xB5B6,   0xB5B7,   0xB5B7,
  0xB5B7,   0xBDD7,   0xBDD7,   0xB5B7,   0xB5B7,   0xBDD7,   0xBDF7,   0xBDF8,   0xBDF8,   0xBDF8,   0xBE18,   0xC618,
  0xC618,   0xC639,   0xC639,   0xC639,   0xC639,   0xC659,   0xC659,   0xCE7A,   0xCE7A,   0xCE7A,   0xCE7A,   0xCE9A,
  0xCE9A,   0xCE9A,   0xCE9A,   0xD69B,   0xD6BB,   0xD6BB,   0xD6BB,   0xD6BB,   0xCE79,   0xCE79,   0xCE79,   0xCE79,
  0xCE79,   0xCE79,   0xCE79,   0xCE79,   0xCE79,   0xCE79,   0xCE79,   0xCE79,   0xCE79,   0xCE79,   0xCE79,   0xCE79,
  0xCE79,   0xCE79,   0xCE79,   0xCE79,   0xCE79,   0xCE79,   0xCE59,   0xCE79,   0xCE58,   0xC638,   0xC5F7,   0xBDD6,
  0xBD95,   0xB575,   0xB554,   0xAD13,   0xACF2,   0xA4D2,   0xA4D2,   0xA4D1,   0xA4D1,   0xA4D1,   0xA4D1,   0xA4D2,
  0xA4F2,   0xA4F2,   0xACF2,   0xA4D2,   0x3186,   0x2945,   0x2105,   0x3187,   0x2966,   0x2945,   0x31A7,   0x18E4,
  0x1082,   0x18C3,   0x2125,   0x2987,   0x2945,   0x2104,   0x2104,   0x18E4,   0x18E4,   0x2104,   0x2125,   0x2125,
  0x2125,   0x2945,   0x2966,   0x2966,   0x2966,   0x31A7,   0x31C8,   0x4209,   0x4A6A,   0x4A8B,   0x52AB,   0x4A6B,
  0x424A,   0x4A6A,   0x52AC,   0x634D,   0x9CF3,   0xBDD7,   0xB596,   0xB596,   0xB596,   0xB596,   0xB596,   0xB596,
  0xB596,   0xB596,   0xB596,   0xB596,   0xB596,   0xB5B6,   0xB5B6,   0xB5B6,   0xB5B6,   0xB5B6,   0xB5B6,   0xBDD7,
  0xBDF8,   0xC618,   0xBDD7,   0xB5B6,   0xBDF8,   0xBDF8,   0xBDF8,   0xBE18,   0xC618,   0xC618,   0xC639,   0xC639,
  0xC639,   0xC659,   0xC659,   0xCE5A,   0xCE7A,   0xCE7A,   0xCE7A,   0xCE9A,   0xCE9A,   0xCE9A,   0xCE9A,   0xD69B,
  0xD69B,   0xD69B,   0xD6BB,   0xD6BB,   0xCE79,   0xCE79,   0xCE79,   0xCE79,   0xCE79,   0xCE79,   0xCE79,   0xCE79,
  0xCE79,   0xCE79,   0xCE79,   0xCE79,   0xCE79,   0xCE79,   0xCE79,   0xCE79,   0xCE58,   0xCE58,   0xCE58,   0xCE58,
  0xCE58,   0xCE58,   0xCE59,   0xCE58,   0xCE38,   0xC617,   0xBDF7,   0xBDB5,   0xB595,   0xB574,   0xB534,   0xAD12,
  0xA4F2,   0xA4D2,   0xA4D1,   0xA4B1,   0xA4B1,   0xA4B1,   0xA4B1,   0xA4D1,   0xA4D2,   0xA4D2,   0xA4D1,   0xAD13,
  0x4A48,   0x2104,   0x2104,   0x2945,   0x31A7,   0x2145,   0x2966,   0x31A7,   0x18C3,   0x18A3,   0x2125,   0x2966,
  0x2946,   0x18E4,   0x1082,   0x18E4,   0x2966,   0x2945,   0x2125,   0x2125,   0x2945,   0x2946,   0x2966,   0x2966,
  0x2986,   0x3186,   0x31C8,   0x4229,   0x4209,   0x4A4A,   0x4A6B,   0x52AC,   0x4A8B,   0x424A,   0x4A6A,   0x52AB,
  0x52CC,   0x8C72,   0xBDD6,   0xB596,   0xB596,   0xAD95,   0xAD75,   0xAD75,   0xB596,   0xB596,   0xB596,   0xB596,
  0xB596,   0xB596,   0xB596,   0xB5B6,   0xBDD7,   0xC618,   0xBDD7,   0xAD55,   0x8C72,   0x6B4E,   0x39E8,   0x52CB,
  0xC618,   0xBDF7,   0xBDF8,   0xBDF8,   0xBE18,   0xC618,   0xC618,   0xC639,   0xC639,   0xC659,   0xC659,   0xC659,
  0xCE7A,   0xCE7A,   0xCE7A,   0xCE9A,   0xCE9A,   0xCE9A,   0xCE9A,   0xCE9A,   0xD69B,   0xD6BB,   0xD6BB,   0xD6BB,
  0xCE79,   0xCE79,   0xCE79,   0xCE79,   0xCE79,   0xCE79,   0xCE59,   0xCE78,   0xCE78,   0xCE58,   0xCE79,   0xCE58,
  0xCE58,   0xCE58,   0xCE58,   0xCE58,   0xCE58,   0xCE58,   0xCE58,   0xCE58,   0xCE58,   0xCE58,   0xCE58,   0xCE58,
  0xC638,   0xC617,   0xBDD6,   0xBD95,   0xB574,   0xB554,   0xAD33,   0xACF2,   0xA4D2,   0xA4D2,   0xA4D1,   0xA4B1,
  0xA4B1,   0xA4B1,   0xA4B1,   0xA4D2,   0xAD12,   0xA4D2,   0x9C91,   0xA4F2,   0x736D,   0x18C3,   0x2945,   0x18E4,
  0x2966,   0x2987,   0x2125,   0x3187,   0x3187,   0x10A3,   0x2104,   0x2105,   0x10A3,   0x10A3,   0x2145,   0x3186,
  0x2966,   0x2966,   0x2125,   0x2945,   0x2946,   0x2966,   0x2966,   0x2966,   0x2986,   0x2986,   0x31A7,   0x39E8,
  0x3A09,   0x422A,   0x424A,   0x4A6B,   0x4A6B,   0x52AB,   0x424A,   0x3A09,   0x4A8B,   0x52CC,   0x8C92,   0xB5B6,
  0xAD75,   0xAD75,   0xAD75,   0xAD75,   0xAD75,   0xAD75,   0xAD75,   0xB596,   0xB5B6,   0xBDD7,   0xBDF7,   0xB596,
  0x9CD3,   0x73AF,   0x528A,   0x31A7,   0x2145,   0x2125,   0x18E4,   0x73CF,   0xC638,   0xBDD7,   0xBDF7,   0xBDF8,
  0xBDF8,   0xBE18,   0xC618,   0xC638,   0xC638,   0xC639,   0xC659,   0xC659,   0xCE59,   0xCE79,   0xCE7A,   0xCE7A,
  0xCE9A,   0xCE9A,   0xCE9A,   0xCE9A,   0xCE9A,   0xD6BB,   0xD6BB,   0xD6BB,   0xCE58,   0xCE59,   0xCE79,   0xCE78,
  0xCE78,   0xCE78,   0xCE78,   0xCE78,   0xCE58,   0xCE58,   0xCE58,   0xCE58,   0xCE58,   0xCE58,   0xCE58,   0xCE58,
  0xCE58,   0xCE58,   0xCE58,   0xCE58,   0xCE58,   0xCE58,   0xCE58,   0xC638,   0xC638,   0xC5F7,   0xBDD6,   0xBD95,
  0xB574,   0xB554,   0xAD33,   0xA4F2,   0xA4D2,   0xA4D1,   0xA4D1,   0xA4B1,   0xA4B1,   0xA4B1,   0xA4D2,   0x7BAE,
  0x736D,   0x9C91,   0xA4F2,   0xA4D1,   0x9C90,   0x2925,   0x2104,   0x2104,   0x2104,   0x2987,   0x2987,   0x2945,
  0x2986,   0x2104,   0x18C3,   0x10A3,   0x2105,   0x2966,   0x2966,   0x2966,   0x3186,   0x2966,   0x2945,   0x2966,
  0x2966,   0x2966,   0x2966,   0x2966,   0x2966,   0x2966,   0x2986,   0x2986,   0x31C8,   0x3A09,   0x422A,   0x424A,
  0x4A6B,   0x4A6A,   0x4A6B,   0x422A,   0x31C8,   0x4A8B,   0x52CC,   0x9492,   0xB595,   0xAD55,   0xAD55,   0xAD75,
  0xB575,   0xB5B6,   0xBDD6,   0xB5B6,   0xA534,   0x8431,   0x630C,   0x4229,   0x2987,   0x2125,   0x1905,   0x2966,
  0x2966,   0x2125,   0x4229,   0xBDF7,   0xBDD7,   0xBDD7,   0xBDD7,   0xBDF7,   0xBDF8,   0xBDF8,   0xBE18,   0xC618,
  0xC638,   0xC639,   0xC639,   0xC659,   0xCE59,   0xCE59,   0xCE7A,   0xCE7A,   0xCE7A,   0xCE9A,   0xCE9A,   0xCE9A,
  0xCE9A,   0xCE9A,   0xD6BB,   0xD6BB,   0xCE58,   0xCE58,   0xCE58,   0xCE58,   0xCE58,   0xCE58,   0xCE58,   0xCE58,
  0xCE58,   0xCE58,   0xCE58,   0xCE58,   0xCE58,   0xCE58,   0xCE58,   0xCE58,   0xCE58,   0xCE58,   0xCE58,   0xCE58,
  0xC658,   0xCE58,   0xCE58,   0xC638,   0xC618,   0xBDF7,   0xBDB6,   0xB595,   0xB574,   0xB554,   0xAD33,   0xA4F2,
  0xA4D2,   0xA4D1,   0xA4D1,   0xA4B1,   0xA4B1,   0x9CB1,   0xACF2,   0x6B2C,   0x2986,   0x3A08,   0x5AAB,   0x83EE,
  0xACF2,   0x5ACA,   0x10A2,   0x2945,   0x18E4,   0x2125,   0x31A7,   0x2987,   0x2966,   0x2125,   0x18A3,   0x2945,
  0x31A7,   0x2986,   0x3186,   0x2966,   0x2966,   0x3186,   0x2966,   0x2966,   0x2966,   0x2966,   0x2966,   0x2986,
  0x2986,   0x2986,   0x2966,   0x2966,   0x2986,   0x31C8,   0x3A09,   0x4209,   0x424A,   0x4A6A,   0x422A,   0x424A,
  0x3A09,   0x3A09,   0x4A8B,   0x5B0D,   0xA514,   0xB595,   0xB595,   0xB575,   0xA534,   0x9492,   0x73AE,   0x4A8A,
  0x31A7,   0x2146,   0x2146,   0x2146,   0x2125,   0x2146,   0x2967,   0x2125,   0x2145,   0x2125,   0x8C92,   0xBDF8,
  0xB5B7,   0xBDD7,   0xBDD7,   0xBDD7,   0xBDF7,   0xBDF8,   0xBDF8,   0xC618,   0xC618,   0xC639,   0xC639,   0xC639,
  0xC659,   0xC659,   0xCE79,   0xCE7A,   0xCE7A,   0xCE7A,   0xCE9A,   0xCE9A,   0xCE9A,   0xCE9A,   0xD6BA,   0xD6BB,
  0xCE58,   0xCE58,   0xCE58,   0xCE58,   0xCE58,   0xCE58,   0xCE58,   0xCE58,   0xCE58,   0xCE58,   0xCE58,   0xCE58,
  0xCE38,   0xCE38,   0xC638,   0xC638,   0xC638,   0xC638,   0xC638,   0xC638,   0xC638,   0xC638,   0xC638,   0xC638,
  0xC618,   0xBDF7,   0xBDB6,   0xB595,   0xB574,   0xB554,   0xAD33,   0xA4F2,   0xA4D2,   0xA4D2,   0xA4D1,   0xA4B1,
  0xA4B1,   0x9CB1,   0xA4D2,   0x8C0F,   0x3186,   0x31A7,   0x2945,   0x2945,   0x4228,   0x5ACA,   0x18E3,   0x2104,
  0x2104,   0x18E4,   0x2945,   0x31A7,   0x2986,   0x2125,   0x2145,   0x3186,   0x2986,   0x3186,   0x3186,   0x2966,
  0x2966,   0x2966,   0x2966,   0x2966,   0x2966,   0x2966,   0x2986,   0x2986,   0x3186,   0x3186,   0x2986,   0x2986,
  0x2966,   0x2987,   0x31C8,   0x3A09,   0x4229,   0x422A,   0x422A,   0x3A09,   0x4229,   0x31C8,   0x39E9,   0x4A6B,
  0x6B8E,   0x9CD3,   0x8451,   0x6B4E,   0x4229,   0x2986,   0x2146,   0x2146,   0x2966,   0x2966,   0x2105,   0x18E4,
  0x2946,   0x2987,   0x2105,   0x2946,   0x2125,   0x52AB,   0xBDD7,   0xB5B6,   0xB5B7,   0xB5B7,   0xB5D7,   0xBDD7,
  0xBDD7,   0xBDF8,   0xBDF8,   0xBE18,   0xC618,   0xC638,   0xC639,   0xC639,   0xC659,   0xC659,   0xCE59,   0xCE7A,
  0xCE7A,   0xCE7A,   0xCE9A,   0xCE9A,   0xCE9A,   0xCE9A,   0xD69B,   0xD69B,   0xCE38,   0xCE38,   0xCE38,   0xCE58,
  0xCE58,   0xCE38,   0xCE38,   0xCE38,   0xC638,   0xCE58,   0xCE38,   0xC638,   0xC638,   0xC638,   0xC638,   0xC638,
  0xC638,   0xC638,   0xC638,   0xC638,   0xC638,   0xC638,   0xC638,   0xC638,   0xC617,   0xBDD6,   0xBDB6,   0xB595,
  0xB554,   0xAD54,   0xAD33,   0xA4F2,   0xA4D2,   0xA4D2,   0xA4B1,   0x9CB1,   0xA4B1,   0xA4B1,   0x9CB1,   0xA4D2,
  0x4228,   0x2145,   0x3186,   0x2966,   0x1904,   0x2104,   0x2104,   0x18C3,   0x2125,   0x20E4,   0x20E4,   0x2145,
  0x2986,   0x2125,   0x3186,   0x31C7,   0x2966,   0x2966,   0x2966,   0x2966,   0x2986,   0x2966,   0x2966,   0x2966,
  0x2966,   0x2966,   0x2966,   0x2986,   0x3186,   0x2986,   0x2986,   0x2987,   0x2986,   0x2986,   0x31A7,   0x31C8,
  0x3A09,   0x4229,   0x3A09,   0x3A09,   0x39E8,   0x422A,   0x2966,   0x31C8,   0x426A,   0x4A6A,   0x31A7,   0x2145,
  0x2146,   0x2986,   0x2987,   0x2145,   0x18E4,   0x18C3,   0x2125,   0x2987,   0x2966,   0x18E4,   0x2125,   0x2966,
  0x2946,   0x9CD3,   0xBDD6,   0xB596,   0xB5B6,   0xB5B6,   0xB5B7,   0xBDD7,   0xBDD7,   0xBDF7,   0xBDF8,   0xBDF8,
  0xBE18,   0xBE18,   0xC638,   0xC639,   0xC659,   0xC659,   0xC659,   0xCE79,   0xCE7A,   0xCE7A,   0xCE9A,   0xCE9A,
  0xCE9A,   0xCE9A,   0xD69B,   0xD6BB,   0xC638,   0xC638,   0xC638,   0xC638,   0xC638,   0xC638,   0xC638,   0xC638,
  0xC638,   0xC638,   0xC638,   0xC638,   0xC638,   0xC638,   0xC638,   0xC638,   0xC638,   0xC638,   0xC637,   0xC617,
  0xC617,   0xC617,   0xC618,   0xC618,   0xC617,   0xBDD6,   0xBDB6,   0xB595,   0xB554,   0xAD54,   0xAD33,   0xA4F2,
  0xA4D2,   0xA4D1,   0xA4B1,   0xA4B1,   0x9CB1,   0x9CB1,   0x9CB1,   0xA4F2,   0x6B4C,   0x2125,   0x2945,   0x2945,
  0x2966,   0x2125,   0x2105,   0x18E4,   0x2104,   0x2124,   0x18E4,   0x20E4,   0x2104,   0x2966,   0x39E8,   0x31A7,
  0x2966,   0x2945,   0x2966,   0x2966,   0x2966,   0x2966,   0x2966,   0x3186,   0x2966,   0x2966,   0x2966,   0x2986,
  0x2987,   0x2987,   0x2987,   0x2987,   0x2986,   0x2987,   0x2987,   0x31A7,   0x31C8,   0x3A09,   0x3A09,   0x3A09,
  0x31C8,   0x3A09,   0x3A09,   0x2105,   0x3187,   0x2146,   0x2146,   0x2986,   0x2966,   0x2125,   0x18E4,   0x10A3,
  0x18E4,   0x2946,   0x2987,   0x2125,   0x18C3,   0x2125,   0x2966,   0x18E4,   0x6B2D,   0xBDD7,   0xB575,   0xB596,
  0xB5B6,   0xB5B6,   0xB5B7,   0xB5B7,   0xBDD7,   0xBDD7,   0xBDF7,   0xBDF8,   0xBE18,   0xBE18,   0xC638,   0xC639,
  0xC639,   0xC659,   0xC659,   0xCE79,   0xCE7A,   0xCE7A,   0xCE7A,   0xCE9A,   0xCE9A,   0xCE9A,   0xCE9A,   0xD6BA,
  0xC638,   0xC638,   0xC638,   0xC638,   0xC638,   0xC638,   0xC638,   0xC638,   0xC638,   0xC638,   0xC638,   0xC617,
  0xC638,   0xC617,   0xC617,   0xC617,   0xC617,   0xC617,   0xC617,   0xC617,   0xC617,   0xC617,   0xC617,   0xC617,
  0xC5F7,   0xBDD6,   0xBDB6,   0xB595,   0xB554,   0xAD54,   0xAD13,   0xA4F2,   0xA4D2,   0xA4B1,   0xA4B1,   0x9CB1,
  0x9CB1,   0x9CB1,   0x9CB1,   0xA4B1,   0x9470,   0x3186,   0x2945,   0x2125,   0x2945,   0x2945,   0x2104,   0x2104,
  0x18E3,   0x2104,   0x2104,   0x18E4,   0x18C4,   0x39E8,   0x39E8,   0x3186,   0x2945,   0x2945,   0x2945,   0x2966,
  0x2966,   0x2986,   0x31A7,   0x31A7,   0x2966,   0x2966,   0x2966,   0x2987,   0x2987,   0x2987,   0x2987,   0x2987,
  0x2987,   0x2987,   0x2987,   0x2986,   0x31A7,   0x39E9,   0x3A09,   0x422A,   0x3A09,   0x31C8,   0x39E8,   0x1904,
  0x2104,   0x2966,   0x2966,   0x2125,   0x18E4,   0x10A3,   0x18C3,   0x2125,   0x2966,   0x2966,   0x2104,   0x18C3,
  0x2125,   0x2966,   0x2104,   0x39E7,   0xB575,   0xB575,   0xAD75,   0xB596,   0xB596,   0xB596,   0xB5B6,   0xB5B7,
  0xB5D7,   0xBDD7,   0xBDF7,   0xBDF8,   0xBDF8,   0xBE18,   0xBE18,   0xC638,   0xC639,   0xC659,   0xC659,   0xCE79,
  0xCE7A,   0xCE7A,   0xCE7A,   0xCE9A,   0xCE9A,   0xCE9A,   0xCE9A,   0xCE9A,   0xC617,   0xC618,   0xC617,   0xC617,
  0xC617,   0xC617,   0xC617,   0xC617,   0xC617,   0xC617,   0xC617,   0xC617,   0xC617,   0xC617,   0xC617,   0xC617,
  0xC617,   0xC617,   0xC617,   0xC617,   0xC617,   0xC617,   0xC617,   0xC617,   0xC5F7,   0xBDD6,   0xB5B6,   0xB595,
  0xAD54,   0xAD33,   0xAD13,   0xA4D2,   0xA4D1,   0xA4B1,   0x9CB1,   0x9CB1,   0x9CB1,   0x9CB1,   0x9CB1,   0x9C91,
  0xA4F2,   0x5AAA,   0x2104,   0x2966,   0x18E4,   0x2945,   0x2945,   0x18E4,   0x18E4,   0x18E4,   0x2124,   0x18E3,
  0x2945,   0x4A49,   0x31A7,   0x2945,   0x2945,   0x2945,   0x2945,   0x2966,   0x2966,   0x2966,   0x2986,   0x2986,
  0x2986,   0x2966,   0x2986,   0x2986,   0x2966,   0x2966,   0x2966,   0x2966,   0x2986,   0x2987,   0x31A7,   0x31A7,
  0x31A7,   0x31C8,   0x39E8,   0x3A09,   0x424A,   0x422A,   0x31A7,   0x2145,   0x18C3,   0x2145,   0x18E4,   0x10A3,
  0x10C3,   0x1904,   0x2946,   0x2966,   0x2125,   0x18C3,   0x18C3,   0x2146,   0x2966,   0x2125,   0x2125,   0x94B2,
  0xB595,   0xAD55,   0xAD75,   0xAD75,   0xB596,   0xB596,   0xB5B6,   0xB5B6,   0xB5B7,   0xBDD7,   0xBDD7,   0xBDF7,
  0xBDF8,   0xBE18,   0xBE18,   0xBE18,   0xC639,   0xC639,   0xC659,   0xC659,   0xCE79,   0xCE7A,   0xCE7A,   0xCE7A,
  0xCE9A,   0xCE9A,   0xCE9A,   0xD6BA,   0xC617,   0xC617,   0xC617,   0xC617,   0xC617,   0xC617,   0xC617,   0xC617,
  0xC617,   0xC617,   0xC617,   0xC617,   0xC617,   0xC617,   0xC617,   0xC617,   0xC5F7,   0xC5F7,   0xC5F7,   0xBDF7,
  0xBDF7,   0xBDF7,   0xBDF7,   0xC5F7,   0xBDF7,   0xBDD6,   0xBDB6,   0xB575,   0xAD54,   0xAD33,   0xA513,   0xA4D2,
  0xA4D1,   0xA4B1,   0x9CB1,   0x9CB1,   0x9CB1,   0x9CB1,   0x9C91,   0x9C91,   0xA4B1,   0x8C2F,   0x2945,   0x2145,
  0x2125,   0x18E4,   0x2945,   0x2125,   0x18E4,   0x18E3,   0x20E4,   0x18E3,   0x39C7,   0x4A49,   0x3186,   0x2945,
  0x2125,   0x2125,   0x2966,   0x31C7,   0x3186,   0x2966,   0x2966,   0x2986,   0x2987,   0x31A7,   0x3187,   0x2966,
  0x2966,   0x2966,   0x2966,   0x2966,   0x2986,   0x31C8,   0x3A09,   0x39E8,   0x2987,   0x2987,   0x31A8,   0x39E8,
  0x422A,   0x4A8B,   0x39E8,   0x2125,   0x18C3,   0x18C3,   0x10A3,   0x18E4,   0x2145,   0x2966,   0x2966,   0x2125,
  0x18C3,   0x18E4,   0x2946,   0x2946,   0x2945,   0x10C3,   0x738E,   0xB595,   0xA534,   0xAD54,   0xAD75,   0xAD75,
  0xB596,   0xB596,   0xB596,   0xB5B6,   0xB5B6,   0xB5D7,   0xBDD7,   0xBDF7,   0xBDF8,   0xBE18,   0xBE18,   0xBE18,
  0xC639,   0xC639,   0xC659,   0xC659,   0xCE79,   0xCE7A,   0xCE7A,   0xCE7A,   0xCE9A,   0xCE9A,   0xCE9A,   0xCE9A,
  0xC617,   0xC617,   0xC617,   0xC617,   0xC617,   0xC617,   0xC617,   0xC617,   0xC617,   0xC5F7,   0xC617,   0xC5F7,
  0xC5F7,   0xC5F7,   0xC5F7,   0xC5F7,   0xBDF7,   0xBDF7,   0xBDF7,   0xBDF7,   0xBDF7,   0xBDF7,   0xBDF7,   0xBDF7,
  0xBDF7,   0xBDD6,   0xB5B5,   0xB575,   0xAD54,   0xAD33,   0xA4F2,   0xA4D2,   0xA4D2,   0x9CB1,   0x9CB1,   0x9CB1,
  0x9CB1,   0x9CB1,   0x9C91,   0x9C91,   0x9C91,   0xA4D2,   0x5269,   0x18E4,   0x2945,   0x2104,   0x18C3,   0x2125,
  0x2104,   0x18C3,   0x18C3,   0x18E3,   0x4228,   0x4A49,   0x3186,   0x2125,   0x2104,   0x2104,   0x31C7,   0x31A7,
  0x2966,   0x2986,   0x2986,   0x2986,   0x2987,   0x39E8,   0x2987,   0x2945,   0x2946,   0x2946,   0x2946,   0x2966,
  0x2966,   0x39E8,   0x424A,   0x31A7,   0x2987,   0x2987,   0x31A7,   0x39C8,   0x39E8,   0x422A,   0x3A09,   0x2966,
  0x18C3,   0x18E4,   0x2125,   0x2945,   0x2946,   0x2145,   0x2104,   0x18C4,   0x2104,   0x2966,   0x2146,   0x2145,
  0x18C3,   0x5ACB,   0xBDB6,   0xB575,   0xB595,   0xB595,   0xAD75,   0xAD75,   0xAD76,   0xB596,   0xB596,   0xB5B6,
  0xB5B7,   0xB5D7,   0xBDD7,   0xBDD7,   0xBDF7,   0xBDF8,   0xBE18,   0xBE18,   0xC639,   0xC639,   0xC659,   0xC659,
  0xC659,   0xCE79,   0xCE7A,   0xCE7A,   0xCE9A,   0xCE9A,   0xCE9A,   0xCE9A,   0xC5F7,   0xC5F7,   0xC5F7,   0xC5F7,
  0xBDF7,   0xC5F7,   0xC5F7,   0xC5F7,   0xC5F7,   0xC5F7,   0xC5F7,   0xC5F7,   0xC5F7,   0xC5F7,   0xC5F7,   0xBDF7,
  0xBDF7,   0xBDF7,   0xBDF7,   0xBDF7,   0xBDF7,   0xBDF7,   0xBDF7,   0xBDF7,   0xBDF7,   0xBDD6,   0xB595,   0xB575,
  0xAD34,   0xAD33,   0xA4F2,   0xA4D2,   0xA4B2,   0x9CB1,   0x9CB1,   0x9CB1,   0x9CB1,   0x9CB1,   0x9C91,   0x9C91,
  0x9C91,   0x9CD1,   0x8C0F,   0x2925,   0x2104,   0x2125,   0x2104,   0x18C3,   0x2104,   0x20E4,   0x18C3,   0x18E4,
  0x4249,   0x4A69,   0x2965,   0x2125,   0x18E4,   0x2125,   0x31C7,   0x2966,   0x2966,   0x2986,   0x2986,   0x2987,
  0x31A7,   0x2986,   0x2125,   0x2125,   0x2945,   0x2946,   0x2945,   0x2946,   0x2966,   0x31C8,   0x3A09,   0x2125,
  0x2986,   0x2966,   0x2986,   0x31A7,   0x31A8,   0x3A09,   0x3A09,   0x2966,   0x2104,   0x2105,   0x2146,   0x2125,
  0x2125,   0x18E4,   0x18E4,   0x2125,   0x2966,   0x2145,   0x2945,   0x2104,   0x2945,   0x6B6D,   0x7BCF,   0x73AF,
  0x7BCF,   0x8C71,   0xAD75,   0xAD75,   0xAD75,   0xB596,   0xB596,   0xB596,   0xB5B6,   0xB5B7,   0xBDD7,   0xBDD7,
  0xBDF7,   0xBDF8,   0xBE18,   0xBE18,   0xC638,   0xC639,   0xC659,   0xC659,   0xC659,   0xCE7A,   0xCE7A,   0xCE7A,
  0xCE9A,   0xCE9A,   0xCE9A,   0xCE9A,   0xBDF7,   0xBDF7,   0xBDF7,   0xC5F7,   0xC5F7,   0xC5F7,   0xC5F7,   0xC5F7,
  0xBDF7,   0xBDF7,   0xBDF7,   0xC5F7,   0xC5F7,   0xC5F7,   0xBDF7,   0xBDF7,   0xBDF7,   0xBDF7,   0xBDD6,   0xBDD6,
  0xBDD6,   0xBDD6,   0xBDD6,   0xBDD6,   0xBDD7,   0xBDB6,   0xB595,   0xB574,   0xAD34,   0xAD13,   0xA4F2,   0xA4D2,
  0xA4B2,   0x9CB1,   0x9CB1,   0x9CB1,   0x9CB1,   0x9C91,   0x9C91,   0x9CB1,   0x9CB1,   0x9C91,   0xA4D2,   0x528A,
  0x18E3,   0x2125,   0x2125,   0x2104,   0x18C3,   0x18E3,   0x18C4,   0x2104,   0x4A8A,   0x39E8,   0x2125,   0x2945,
  0x18C3,   0x2966,   0x3187,   0x2946,   0x2966,   0x2966,   0x2987,   0x31A7,   0x18C4,   0x18E4,   0x18C3,   0x1904,
  0x2946,   0x2946,   0x2945,   0x2966,   0x2946,   0x31A7,   0x31C8,   0x10A3,   0x10A3,   0x2966,   0x3187,   0x31C8,
  0x31A7,   0x39C8,   0x3A09,   0x31A7,   0x3187,   0x18C3,   0x2125,   0x2104,   0x18E4,   0x18E4,   0x2125,   0x2945,
  0x2125,   0x2946,   0x2125,   0x2125,   0x2125,   0x18E4,   0x1905,   0x2125,   0x10C4,   0x39E7,   0xB595,   0xAD75,
  0xAD75,   0xAD75,   0xB596,   0xB596,   0xB5B6,   0xB5B7,   0xB5D7,   0xBDD7,   0xBDF7,   0xBDF8,   0xBE18,   0xBE18,
  0xC638,   0xC639,   0xC639,   0xC659,   0xC659,   0xCE79,   0xCE7A,   0xCE7A,   0xCE9A,   0xCE9A,   0xCE9A,   0xCE9A,
  0xBDD6,   0xBDD6,   0xBDF6,   0xBDF6,   0xBDD6,   0xBDF6,   0xBDF6,   0xBDF7,   0xBDF7,   0xBDF6,   0xBDF6,   0xBDF6,
  0xBDD6,   0xBDD6,   0xBDD6,   0xBDD6,   0xBDD6,   0xBDD6,   0xBDD6,   0xBDD6,   0xBDD6,   0xBDD6,   0xBDD6,   0xBDD6,
  0xBDD6,   0xB5B6,   0xB595,   0xAD54,   0xAD34,   0xA513,   0xA4F2,   0xA4D2,   0x9CD2,   0x9CB1,   0x9CB1,   0x9CB1,
  0x9C91,   0x9C91,   0x9CB1,   0x9CB1,   0x9C91,   0x9C91,   0x9CB1,   0x9470,   0x2945,   0x2104,   0x2104,   0x2104,
  0x18E4,   0x18C3,   0x10A3,   0x2945,   0x4A6A,   0x2145,   0x2145,   0x2124,   0x18E4,   0x3186,   0x2946,   0x2966,
  0x2966,   0x2987,   0x31C8,   0x2105,   0x1082,   0x18E4,   0x10A3,   0x18E4,   0x2966,   0x2946,   0x2945,   0x2966,
  0x2946,   0x31A7,   0x2966,   0x0841,   0x0841,   0x2145,   0x2966,   0x31A7,   0x3187,   0x31C8,   0x3A09,   0x31A7,
  0x31C8,   0x18E4,   0x1904,   0x1904,   0x18E4,   0x2125,   0x2125,   0x2125,   0x2966,   0x2105,   0x2125,   0x2125,
  0x18E4,   0x2104,   0x2925,   0x18E4,   0x2945,   0x9471,   0xB575,   0xAD55,   0xAD75,   0xAD75,   0xB596,   0xB596,
  0xB5B6,   0xB5B7,   0xB5D7,   0xBDD7,   0xBDF7,   0xBDF8,   0xBDF8,   0xBE18,   0xC638,   0xC638,   0xC639,   0xC659,
  0xC659,   0xCE79,   0xCE7A,   0xCE7A,   0xCE9A,   0xCE9A,   0xCE9A,   0xCE9A,   0xBDD6,   0xBDD6,   0xBDD6,   0xBDD6,
  0xBDD6,   0xBDD6,   0xBDD6,   0xBDD6,   0xBDD6,   0xBDD6,   0xBDD6,   0xBDD6,   0xBDD6,   0xBDD6,   0xBDD6,   0xBDD6,
  0xBDD6,   0xBDB6,   0xBDB6,   0xBDB6,   0xBDD6,   0xBDB6,   0xBDB6,   0xBDD6,   0xBDB6,   0xB5B6,   0xB575,   0xAD54,
  0xAD33,   0xA513,   0xA4F2,   0xA4D2,   0x9CD2,   0x9CB1,   0x9CB1,   0x9CB1,   0x9C91,   0x9C91,   0x9CB1,   0x9C91,
  0x9C91,   0x9C91,   0x9C71,   0xA4D2,   0x6B4C,   0x18A3,   0x2124,   0x18E4,   0x18E4,   0x18E4,   0x10A2,   0x39C7,
  0x39E8,   0x2104,   0x2125,   0x18C3,   0x2104,   0x2966,   0x2145,   0x2945,   0x2966,   0x29A7,   0x2125,   0x1082,
  0x10A3,   0x18C3,   0x1082,   0x18E4,   0x2966,   0x2966,   0x2945,   0x2966,   0x2966,   0x2987,   0x2105,   0x0000,
  0x0841,   0x2145,   0x2986,   0x31A7,   0x2966,   0x31A7,   0x3A09,   0x2986,   0x39E8,   0x2146,   0x18E4,   0x2104,
  0x2125,   0x2104,   0x2125,   0x2966,   0x2125,   0x2945,   0x2145,   0x20E4,   0x2104,   0x2125,   0x18C3,   0x2965,
  0x9491,   0xB595,   0xAD54,   0xAD55,   0xAD75,   0xAD75,   0xAD75,   0xB596,   0xB596,   0xB5B6,   0xB5B7,   0xBDD7,
  0xBDD7,   0xBDF8,   0xBDF8,   0xBE18,   0xBE18,   0xC639,   0xC639,   0xC659,   0xC659,   0xC659,   0xCE7A,   0xCE7A,
  0xCE9A,   0xCE9A,   0xCE9A,   0xCE9A,   0xBDD6,   0xBDD6,   0xBDD6,   0xBDD6,   0xBDD6,   0xBDD6,   0xBDD6,   0xBDD6,
  0xBDD6,   0xBDD6,   0xBDD6,   0xBDD6,   0xBDD6,   0xBDD6,   0xBDD6,   0xBDB6,   0xBDB6,   0xBDB6,   0xBDB6,   0xBDB6,
  0xB5B6,   0xB5B6,   0xB5B6,   0xB5B6,   0xB5B6,   0xB595,   0xB575,   0xAD54,   0xAD13,   0xA513,   0xA4F2,   0xA4D2,
  0x9CB2,   0x9CB1,   0x9CB1,   0x9C91,   0x9C91,   0x9C91,   0x9C91,   0x9C91,   0x9C91,   0x9C91,   0x9C91,   0x9471,
  0x9CD1,   0x4208,   0x10A3,   0x2104,   0x18C3,   0x18E4,   0x18C3,   0x4209,   0x2966,   0x2104,   0x18E4,   0x10A3,
  0x2104,   0x2125,   0x2125,   0x2125,   0x2145,   0x2125,   0x1082,   0x10A3,   0x1082,   0x0841,   0x1062,   0x18E4,
  0x2966,   0x2125,   0x2946,   0x2966,   0x2966,   0x2166,   0x1082,   0x0000,   0x0841,   0x2946,   0x2966,   0x2987,
  0x2966,   0x2987,   0x31C8,   0x2966,   0x2987,   0x31A7,   0x18E4,   0x2105,   0x1904,   0x2125,   0x2966,   0x2125,
  0x2125,   0x2104,   0x18E4,   0x2104,   0x2105,   0x18C4,   0x39E8,   0x9CD2,   0xB575,   0xAD34,   0xAD54,   0xAD54,
  0xAD55,   0xAD75,   0xAD75,   0xB596,   0xB596,   0xB5B6,   0xB5B7,   0xB5D7,   0xBDD7,   0xBDF7,   0xBDF8,   0xBE18,
  0xBE18,   0xC638,   0xC639,   0xC659,   0xC659,   0xC659,   0xCE7A,   0xCE7A,   0xCE9A,   0xCE9A,   0xCE9A,   0xCE9A,
  0xBDB6,   0xBDB6,   0xBDB6,   0xBDB6,   0xBDB6,   0xBDB6,   0xBDB6,   0xBDB6,   0xBDB6,   0xBDD6,   0xBDD6,   0xBDD6,
  0xBDD6,   0xBDB6,   0xBDB6,   0xBDB6,   0xBDB6,   0xBDB6,   0xB5B5,   0xB595,   0xB595,   0xB595,   0xB595,   0xB596,
  0xB595,   0xB595,   0xAD74,   0xAD34,   0xAD13,   0xA4F3,   0xA4F2,   0xA4D2,   0x9CB1,   0x9CB1,   0x9CB1,   0x9CB1,
  0x9C91,   0x9C91,   0x9C91,   0x9C91,   0x9C91,   0x9C91,   0x9C91,   0x9491,   0x9C91,   0x9450,   0x2965,   0x18C3,
  0x20E4,   0x18C3,   0x18E4,   0x41E8,   0x2104,   0x18E4,   0x18C3,   0x18C3,   0x18E4,   0x18E4,   0x2104,   0x2104,
  0x2125,   0x18E4,   0x10A3,   0x10A3,   0x1082,   0x3165,   0x0841,   0x18C3,   0x2146,   0x2125,   0x2145,   0x2946,
  0x2986,   0x1904,   0x0841,   0x0020,   0x0861,   0x2946,   0x2946,   0x2966,   0x2946,   0x2146,   0x31A8,   0x2966,
  0x2146,   0x31C7,   0x1905,   0x18E4,   0x2966,   0x2966,   0x2104,   0x2104,   0x18C4,   0x18C4,   0x2105,   0x1905,
  0x1904,   0x52AA,   0xA513,   0xAD54,   0xA513,   0xAD34,   0xAD34,   0xAD34,   0xAD54,   0xAD55,   0xAD75,   0xAD75,
  0xB596,   0xB596,   0xB5B6,   0xB5B7,   0xBDD7,   0xBDF7,   0xBDF7,   0xBDF8,   0xBE18,   0xC638,   0xC639,   0xC659,
  0xC659,   0xC659,   0xCE79,   0xCE7A,   0xCE9A,   0xCE9A,   0xCE9A,   0xCE9A,   0xBDB6,   0xBDB6,   0xBDB6,   0xBDB6,
  0xBDB6,   0xBDB6,   0xBDB6,   0xBDB6,   0xBDB6,   0xBDB6,   0xBDB6,   0xBDB6,   0xBDB6,   0xBDB6,   0xBDB6,   0xBDB6,
  0xB5B5,   0xB595,   0xB595,   0xB595,   0xB595,   0xB595,   0xB595,   0xB595,   0xB595,   0xB595,   0xAD54,   0xAD34,
  0xA513,   0xA4F2,   0xA4F2,   0xA4D2,   0x9CB1,   0x9CB1,   0x9CB1,   0x9C91,   0x9C91,   0x9C91,   0x9C91,   0x9C91,
  0x9C91,   0x9C91,   0x9C91,   0x9491,   0x9470,   0x9CB1,   0x62EB,   0x18C3,   0x18E4,   0x18E4,   0x18E4,   0x39C7,
  0x18C3,   0x18C3,   0x18C3,   0x10A2,   0x1082,   0x18E4,   0x18E4,   0x1904,   0x2125,   0x10A3,   0x10A3,   0x1082,
  0x4A07,   0x730B,   0x1062,   0x10A3,   0x2125,   0x1904,   0x2105,   0x2105,   0x2145,   0x10A3,   0x2924,   0x0000,
  0x0862,   0x2145,   0x2125,   0x2105,   0x2125,   0x2125,   0x2966,   0x2125,   0x2125,   0x31A7,   0x2966,   0x2966,
  0x2945,   0x20E4,   0x1904,   0x18E4,   0x1905,   0x1905,   0x1904,   0x2125,   0x632C,   0xAD34,   0xA533,   0xA513,
  0xA513,   0xA533,   0xAD34,   0xAD34,   0xAD54,   0xAD55,   0xAD75,   0xAD75,   0xB596,   0xB596,   0xB5B6,   0xB5D6,
  0xBDD7,   0xBDF7,   0xBDF7,   0xBDF8,   0xBE18,   0xC618,   0xC638,   0xC639,   0xC659,   0xC659,   0xC659,   0xCE7A,
  0xCE7A,   0xCE9A,   0xCE9A,   0xCE9A,   0xB595,   0xB595,   0xB595,   0xB595,   0xB595,   0xB595,   0xB5B5,   0xBDB5,
  0xBDB6,   0xB5B5,   0xB5B5,   0xB5B5,   0xBDB6,   0xB5B5,   0xB595,   0xB595,   0xB595,   0xB595,   0xB595,   0xB595,
  0xB595,   0xB575,   0xB575,   0xB575,   0xB575,   0xB575,   0xAD54,   0xAD33,   0xA513,   0xA4F2,   0xA4D2,   0x9CD2,
  0x9CB1,   0x9CB1,   0x9CB1,   0x9C91,   0x9C91,   0x9C91,   0x9491,   0x9491,   0x9C91,   0x9C91,   0x9491,   0x9491,
  0x9470,   0x9CB1,   0x62EB,   0x2104,   0x2104,   0x18E4,   0x2104,   0x3186,   0x10A3,   0x18C3,   0x18C3,   0x1082,
  0x20E3,   0x18C3,   0x10A3,   0x18E4,   0x2125,   0x10A3,   0x1082,   0x5248,   0x8BAD,   0x838C,   0x2103,   0x1083,
  0x2104,   0x18E4,   0x18E4,   0x18E4,   0x18C3,   0x2924,   0x4A07,   0x0000,   0x1082,   0x2104,   0x18E4,   0x1904,
  0x2125,   0x18E4,   0x2104,   0x10C3,   0x1904,   0x2987,   0x39E8,   0x2125,   0x18E4,   0x18E4,   0x18E4,   0x18E4,
  0x18E4,   0x2125,   0x2945,   0x6B6D,   0xAD54,   0xA513,   0xA513,   0xA513,   0xA513,   0xA513,   0xA514,   0xAD34,
  0xAD34,   0xAD54,   0xAD55,   0xAD75,   0xB596,   0xB596,   0xB5B6,   0xB5B7,   0xB5D7,   0xB5D7,   0xBDF7,   0xBDF8,
  0xBE18,   0xC618,   0xC638,   0xC639,   0xC659,   0xC659,   0xC659,   0xCE7A,   0xCE7A,   0xCE9A,   0xCE9A,   0xCE9A,
  0xB595,   0xB595,   0xB595,   0xB595,   0xB595,   0xB595,   0xB595,   0xB595,   0xB595,   0xB595,   0xB595,   0xB595,
  0xB595,   0xB595,   0xB595,   0xB595,   0xB595,   0xB595,   0xB595,   0xB595,   0xB575,   0xB575,   0xAD74,   0xAD74,
  0xAD74,   0xAD54,   0xAD54,   0xAD33,   0xA513,   0xA4F2,   0xA4D2,   0x9CD2,   0x9CB1,   0x9CB1,   0x9C91,   0x9C91,
  0x9C91,   0x9491,   0x9491,   0x9491,   0x9491,   0x9491,   0x9491,   0x9470,   0x9470,   0x9470,   0x9C91,   0x4208,
  0x1904,   0x18E4,   0x2945,   0x3186,   0x10A3,   0x18E3,   0x18C3,   0x1082,   0x5A27,   0x3165,   0x1082,   0x18E4,
  0x1904,   0x0882,   0x3165,   0x8BAD,   0x8BAD,   0x8BAD,   0x3965,   0x0882,   0x18E4,   0x18C3,   0x18E4,   0x2125,
  0x10A3,   0x5AAA,   0x41E7,   0x0000,   0x10A3,   0x2125,   0x2105,   0x18E4,   0x18E4,   0x18C3,   0x18E4,   0x0862,
  0x18E4,   0x2966,   0x31C7,   0x18C3,   0x18E4,   0x18E4,   0x18E4,   0x2105,   0x2966,   0x2966,   0x7BCE,   0xAD54,
  0xA4F3,   0xA4F3,   0xA513,   0xA513,   0xA513,   0xA513,   0xA513,   0xAD14,   0xAD34,   0xAD54,   0xAD55,   0xAD75,
  0xB596,   0xB596,   0xB5B6,   0xB5B6,   0xB5D7,   0xB5D7,   0xBDF7,   0xBDF7,   0xBE18,   0xBE18,   0xC638,   0xC638,
  0xC659,   0xC659,   0xC659,   0xCE79,   0xCE7A,   0xCE7A,   0xCE9A,   0xCE9A,   0xB575,   0xB575,   0xB575,   0xB595,
  0xB595,   0xB595,   0xB595,   0xB575,   0xB595,   0xB595,   0xB595,   0xB595,   0xB595,   0xB595,   0xB595,   0xB595,
  0xB595,   0xB595,   0xB575,   0xB575,   0xB575,   0xB575,   0xAD54,   0xAD54,   0xAD54,   0xAD54,   0xAD54,   0xAD33,
  0xA513,   0xA4F2,   0xA4D2,   0x9CB2,   0x9CB1,   0x9CB1,   0x9C91,   0x9C91,   0x9C91,   0x9C91,   0x9470,   0x9470,
  0x9470,   0x9470,   0x9470,   0x9470,   0x9470,   0x9470,   0x9470,   0x9470,   0x39C7,   0x2104,   0x2125,   0x2125,
  0x18E4,   0x18E4,   0x10A3,   0x18A2,   0x730A,   0x62A9,   0x1083,   0x18E4,   0x18E4,   0x10A2,   0x62AA,   0x8BCD,
  0x8BCD,   0x8BAD,   0x3985,   0x1082,   0x18C3,   0x10C3,   0x18E3,   0x10A3,   0x41E7,   0x5ACA,   0x0841,   0x0841,
  0x18C3,   0x2104,   0x18E4,   0x18E4,   0x2146,   0x18E4,   0x10A3,   0x0862,   0x18E4,   0x2125,   0x31C7,   0x10C3,
  0x18C4,   0x18E4,   0x2145,   0x2945,   0x2986,   0x8430,   0xAD54,   0x9CF2,   0xA4F3,   0xA4F3,   0xA4F3,   0xA4F3,
  0xA4F3,   0xA4F3,   0xA513,   0xA513,   0xA534,   0xAD34,   0xAD55,   0xAD75,   0xAD75,   0xB596,   0xB5B6,   0xB5B6,
  0xB5B7,   0xB5D7,   0xBDF7,   0xBDF7,   0xBE18,   0xBE18,   0xBE38,   0xC638,   0xC639,   0xC659,   0xC659,   0xCE79,
  0xCE7A,   0xCE7A,   0xCE9A,   0xCE9A,   0xB574,   0xB574,   0xB574,   0xB575,   0xB575,   0xB575,   0xB575,   0xB575,
  0xB575,   0xB575,   0xB575,   0xB575,   0xB575,   0xB595,   0xB595,   0xB595,   0xB575,   0xB575,   0xB575,   0xB575,
  0xB574,   0xAD54,   0xAD54,   0xAD54,   0xAD54,   0xAD54,   0xAD34,   0xA513,   0xA4F3,   0xA4D2,   0x9CD2,   0x9CB1,
  0x9CB1,   0x9CB1,   0x9C91,   0x9C91,   0x9C91,   0x9470,   0x9470,   0x9470,   0x9470,   0x9470,   0x9470,   0x9470,
  0x9470,   0x9470,   0x9450,   0x9450,   0x8C50,   0x39C7,   0x2104,   0x18E3,   0x2104,   0x2104,   0x1082,   0x2903,
  0x836B,   0x72EA,   0x2104,   0x18E4,   0x2104,   0x0882,   0x5A89,   0x9C0E,   0x93EE,   0x8BAD,   0x3165,   0x10C3,
  0x18C3,   0x10A3,   0x1082,   0x39A6,   0x6B0B,   0x0841,   0x0000,   0x1082,   0x18E4,   0x18E4,   0x10C3,   0x1904,
  0x2987,   0x1904,   0x1083,   0x0862,   0x18C3,   0x2125,   0x31A7,   0x10C3,   0x2145,   0x2965,   0x2124,   0x31A6,
  0x9471,   0xA513,   0x9CD2,   0xA4F3,   0xA4F3,   0xA4F3,   0xA4F3,   0xA4F3,   0xA4F3,   0xA4F3,   0xA513,   0xA513,
  0xA534,   0xA534,   0xAD54,   0xAD75,   0xAD75,   0xB596,   0xB596,   0xB5B6,   0xB5B7,   0xB5D7,   0xBDF7,   0xBDF7,
  0xBDF8,   0xBE18,   0xBE18,   0xC638,   0xC639,   0xC659,   0xC659,   0xCE79,   0xCE7A,   0xCE7A,   0xCE9A,   0xCE9A,
  0xB554,   0xB554,   0xB554,   0xB574,   0xB574,   0xB574,   0xB574,   0xB574,   0xB574,   0xB574,   0xB574,   0xB575,
  0xB575,   0xB575,   0xB575,   0xB575,   0xB575,   0xB575,   0xB575,   0xAD74,   0xAD54,   0xAD54,   0xAD54,   0xAD54,
  0xAD54,   0xAD34,   0xAD33,   0xA513,   0xA4F2,   0xA4D2,   0x9CB1,   0x9CB1,   0x9CB1,   0x9C91,   0x9C91,   0x9C91,
  0x9C91,   0x9470,   0x9470,   0x9470,   0x9470,   0x9470,   0x9470,   0x9450,   0x9450,   0x9450,   0x9450,   0x8C30,
  0x8C2F,   0x9450,   0x4A49,   0x10A3,   0x2104,   0x2104,   0x0841,   0x3965,   0x8B6C,   0x8B8C,   0x8B8C,   0x3165,
  0x0882,   0x39A6,   0x62A9,   0x9C0E,   0x9C0E,   0x836C,   0x2104,   0x18E4,   0x10C3,   0x10A3,   0x4A07,   0x8BEE,
  0x4A28,   0x18C3,   0x0861,   0x18E3,   0x18C3,   0x10A3,   0x10A3,   0x18E4,   0x2125,   0x18C3,   0x10A3,   0x1082,
  0x18C3,   0x2145,   0x31C7,   0x2945,   0x2945,   0x2124,   0x10A3,   0x4208,   0x8C30,   0xA4F3,   0xA533,   0x9CF2,
  0xA4F3,   0xA4F3,   0xA4F3,   0xA4F3,   0xA4F3,   0xA4F3,   0xA4F3,   0xA513,   0xA513,   0xA534,   0xAD54,   0xAD55,
  0xAD75,   0xB596,   0xB596,   0xB5B6,   0xB5B7,   0xB5D7,   0xBDD7,   0xBDF7,   0xBDF8,   0xBE18,   0xBE18,   0xC638,
  0xC639,   0xC659,   0xC659,   0xCE79,   0xCE7A,   0xCE7A,   0xCE9A,   0xCE9A,   0xB554,   0xB554,   0xB554,   0xB554,
  0xB554,   0xB554,   0xB554,   0xB554,   0xB574,   0xB554,   0xB574,   0xB574,   0xB574,   0xB574,   0xB574,   0xB575,
  0xB575,   0xB554,   0xAD54,   0xAD54,   0xAD54,   0xAD54,   0xAD54,   0xAD54,   0xAD34,   0xAD34,   0xA513,   0xA4F3,
  0xA4D2,   0x9CD2,   0x9CB1,   0x9CB1,   0x9C91,   0x9C91,   0x9C91,   0x9C91,   0x9471,   0x9471,   0x9470,   0x9470,
  0x9470,   0x9450,   0x9450,   0x9450,   0x9450,   0x9450,   0x8C50,   0x8C2F,   0x8C50,   0x8C0F,   0x528A,   0x1082,
  0x18E4,   0x18C3,   0x0841,   0x39A5,   0x8B8C,   0x93AD,   0x9BEE,   0x93CD,   0x5227,   0x838C,   0x9C2F,   0x9C0E,
  0xA44F,   0x5A68,   0x18C3,   0x10C3,   0x2104,   0x62AA,   0x93EE,   0x93EE,   0x7B6D,   0x3165,   0x10C3,   0x18E4,
  0x10A3,   0x1082,   0x0882,   0x2104,   0x1062,   0x10A3,   0x10A3,   0x1082,   0x18E4,   0x2986,   0x2945,   0x10C3,
  0x10C3,   0x18C3,   0x18E4,   0x10C4,   0x1905,   0x3A08,   0x738E,   0xA513,   0x9CF3,   0xA4F3,   0x9CF2,   0x9CF2,
  0x9CF2,   0xA4F3,   0xA4F3,   0xA513,   0xA513,   0xA534,   0xAD54,   0xAD55,   0xAD75,   0xAD96,   0xB596,   0xB5B6,
  0xB5B6,   0xB5D7,   0xBDD7,   0xBDF7,   0xBDF7,   0xBE18,   0xBE18,   0xC638,   0xC639,   0xC659,   0xC659,   0xCE79,
  0xCE7A,   0xCE7A,   0xCE9A,   0xCE9A,   0xAD54,   0xAD54,   0xB554,   0xB554,   0xB554,   0xB554,   0xB554,   0xB554,
  0xB554,   0xAD54,   0xAD54,   0xB554,   0xB554,   0xB554,   0xB554,   0xB554,   0xAD54,   0xAD54,   0xAD54,   0xAD54,
  0xAD54,   0xAD54,   0xAD54,   0xAD34,   0xAD34,   0xA533,   0xA513,   0xA4F3,   0xA4D2,   0x9CD2,   0x9CB1,   0x9CB1,
  0x9C91,   0x9C91,   0x9491,   0x9CB1,   0x83AF,   0x83EF,   0x9C91,   0x9470,   0x9470,   0x9450,   0x9450,   0x9450,
  0x9450,   0x9450,   0x8C50,   0x9450,   0x83EF,   0x3186,   0x18C3,   0x18E4,   0x10A3,   0x18E4,   0x0862,   0x3985,
  0x93AD,   0x93CD,   0x9BEE,   0x7B4C,   0x732C,   0x7B4C,   0x9C0E,   0xA42F,   0xA44F,   0x41A6,   0x18C3,   0x41C6,
  0x7B6C,   0x9C0E,   0x93EE,   0xA44F,   0x836C,   0x18A3,   0x1082,   0x0862,   0x1082,   0x18E3,   0x4A07,   0x5228,
  0x0841,   0x18C3,   0x10A3,   0x1082,   0x18E4,   0x2966,   0x1082,   0x10A3,   0x18E4,   0x2125,   0x2125,   0x2125,
  0x18E4,   0x0882,   0x52CB,   0xAD33,   0x9CF2,   0x9CF2,   0x9CF2,   0x9CF2,   0x9CF2,   0xA4F3,   0xA4F3,   0xA4F3,
  0xA513,   0xA534,   0xAD54,   0xAD55,   0xAD75,   0xAD75,   0xB596,   0xB5B6,   0xB5B6,   0xB5D7,   0xBDD7,   0xBDD7,
  0xBDF7,   0xBE18,   0xBE18,   0xC638,   0xC639,   0xC659,   0xC659,   0xCE79,   0xCE7A,   0xCE7A,   0xCE9A,   0xCE9A,
  0xAD34,   0xAD34,   0xAD54,   0xAD54,   0xAD54,   0xAD54,   0xAD54,   0xAD54,   0xB554,   0xAD54,   0xAD54,   0xAD54,
  0xAD54,   0xAD54,   0xAD54,   0xAD54,   0xAD54,   0xAD54,   0xAD54,   0xAD54,   0xAD54,   0xAD54,   0xAD54,   0xAD34,
  0xAD34,   0xA533,   0xA513,   0xA4F3,   0xA4D2,   0xA4D2,   0x9CB1,   0x9CB1,   0x9C91,   0x9C91,   0x9C91,   0x9CB1,
  0x83AE,   0x734E,   0x9C91,   0x9470,   0x9470,   0x9450,   0x9450,   0x9450,   0x9450,   0x8C50,   0x8C50,   0x8C50,
  0x39C7,   0x10A3,   0x10A2,   0x10A3,   0x18E4,   0x2124,   0x1082,   0x2924,   0x93AD,   0x9BEE,   0x8B8C,   0x7B8E,
  0x9493,   0x8410,   0x7B6D,   0xA42E,   0xA44F,   0x93EE,   0x8B8C,   0x9C0E,   0x9C2E,   0x9C0E,   0xA44F,   0x8BAD,
  0x7BAF,   0x528B,   0x3186,   0x4209,   0x4A28,   0x838D,   0x8BAD,   0x6289,   0x1082,   0x18C3,   0x10A3,   0x0882,
  0x3165,   0x6AAA,   0x10C3,   0x18E4,   0x18E4,   0x18C3,   0x18E3,   0x2145,   0x4228,   0x7BCE,   0xA513,   0x9CF2,
  0x9CF2,   0x9CF2,   0x9CD2,   0x9CD2,   0x9CD2,   0x9CF2,   0xA4F3,   0xA4F3,   0xA513,   0xA534,   0xAD34,   0xAD55,
  0xAD75,   0xAD75,   0xB596,   0xB596,   0xB5B6,   0xB5D6,   0xBDD7,   0xBDD7,   0xBDF7,   0xBE18,   0xBE18,   0xC638,
  0xC638,   0xC659,   0xC659,   0xC659,   0xCE79,   0xCE7A,   0xCE7A,   0xCE9A,   0xAD33,   0xAD33,   0xAD33,   0xAD33,
  0xAD33,   0xAD33,   0xAD33,   0xAD33,   0xAD34,   0xAD54,   0xAD54,   0xAD54,   0xAD54,   0xAD54,   0xAD54,   0xAD34,
  0xAD54,   0xAD54,   0xAD34,   0xAD34,   0xAD34,   0xAD34,   0xAD34,   0xAD34,   0xAD34,   0xA533,   0xA513,   0xA4F2,
  0xA4D2,   0xA4D2,   0x9CB2,   0x9CB1,   0x9CB1,   0x9C91,   0x9C91,   0x9CB1,   0x8C0F,   0x6B0D,   0x9471,   0x9470,
  0x9470,   0x9450,   0x9450,   0x9450,   0x9450,   0x8C30,   0x9471,   0x62EB,   0x10A3,   0x1082,   0x0841,   0x39E7,
  0x18E3,   0x18E4,   0x18E3,   0x18A2,   0x8B8C,   0x9C0E,   0x836C,   0x9472,   0x9CB3,   0x9CD3,   0x9493,   0x8BEF,
  0xA44F,   0xA44F,   0xA44F,   0xA42E,   0xA42E,   0xA42F,   0x9C0E,   0x83F0,   0x9CD4,   0x9CB3,   0x9493,   0x9CD4,
  0x7B8E,   0x8BAD,   0x8BCD,   0x6AA9,   0x18A2,   0x18E3,   0x10C3,   0x10C3,   0x830A,   0x82EA,   0x1904,   0x3186,
  0x4228,   0x5AEB,   0x738E,   0x8C71,   0xA4F3,   0xA513,   0x9CD2,   0x9CD2,   0x9CD2,   0x9CD2,   0x9CD2,   0x9CD2,
  0x9CD2,   0x9CF2,   0x9CF3,   0x9CF3,   0xA513,   0xA534,   0xAD34,   0xAD55,   0xAD75,   0xAD75,   0xB596,   0xB596,
  0xB5B6,   0xB5D6,   0xB5D7,   0xBDD7,   0xBDF7,   0xBE18,   0xBE18,   0xC638,   0xC638,   0xC659,   0xC659,   0xC659,
  0xCE79,   0xCE7A,   0xCE7A,   0xCE9A,   0xAD33,   0xAD33,   0xAD33,   0xAD33,   0xAD33,   0xAD33,   0xAD33,   0xAD33,
  0xAD33,   0xAD34,   0xAD34,   0xAD34,   0xAD34,   0xAD34,   0xAD34,   0xAD34,   0xAD34,   0xAD34,   0xAD34,   0xAD33,
  0xAD33,   0xAD33,   0xAD33,   0xAD33,   0xAD34,   0xA513,   0xA4F3,   0xA4D2,   0xA4D2,   0x9CD2,   0x9CB2,   0x9CB1,
  0x9471,   0x9C91,   0x9C91,   0x9CB1,   0x9430,   0x62ED,   0x8C30,   0x9470,   0x9470,   0x9450,   0x9450,   0x9450,
  0x8C50,   0x8C50,   0x8C30,   0x3165,   0x10A2,   0x0821,   0x5249,   0x9470,   0x5289,   0x10A2,   0x10A3,   0x0841,
  0x72EA,   0xA42E,   0x838D,   0x9472,   0x9CB3,   0x9C93,   0x9CB3,   0x9472,   0x9C2F,   0xA44F,   0xA42F,   0xA44F,
  0xA42F,   0xA42F,   0x940F,   0x9493,   0x94B3,   0x9493,   0x9492,   0x9CB3,   0x7BCF,   0x838D,   0x9BEE,   0x72CA,
  0x18C3,   0x18C3,   0x10C3,   0x6A89,   0xABAC,   0x8BCE,   0x7BEF,   0x9471,   0x9CD2,   0xA4F3,   0xA4F3,   0x9CD2,
  0x9CB2,   0x9CB2,   0x9CD2,   0x9CD2,   0x9CD2,   0x9CD2,   0x9CD2,   0x9CD2,   0x9CD2,   0x9CD2,   0xA4F3,   0xA4F3,
  0xA513,   0xA514,   0xA534,   0xAD55,   0xAD55,   0xAD75,   0xB596,   0xB596,   0xB5B6,   0xB5B6,   0xB5D7,   0xB5D7,
  0xBDF7,   0xBDF8,   0xBE18,   0xC638,   0xC638,   0xC639,   0xC659,   0xC659,   0xCE79,   0xCE79,   0xCE9A,   0xCE9A,
  0xAD13,   0xAD33,   0xAD33,   0xAD33,   0xAD33,   0xAD33,   0xAD33,   0xAD33,   0xAD33,   0xAD33,   0xAD33,   0xAD33,
  0xAD33,   0xAD33,   0xAD33,   0xAD33,   0xAD33,   0xAD33,   0xAD33,   0xAD33,   0xAD33,   0xAD33,   0xA513,   0xA513,
  0xA513,   0xA513,   0xA4F3,   0xA4D2,   0x9CD2,   0x9CD2,   0x9CB2,   0xA4D2,   0x838E,   0x8C10,   0x9CB1,   0x9C91,
  0x9450,   0x6AED,   0x8410,   0x9C91,   0x9470,   0x9470,   0x9450,   0x8C50,   0x8C30,   0x9470,   0x736D,   0x18E3,
  0x1062,   0x2104,   0x8C0F,   0x83EF,   0x8C2F,   0x6B4C,   0x3965,   0x1882,   0x72A9,   0xA42F,   0x8BAD,   0x8C52,
  0x9CD3,   0x9CB3,   0x9C93,   0xA4D4,   0xA4B2,   0xA42F,   0xA44F,   0xA42F,   0xA42F,   0xA42E,   0x9C71,   0x9CF4,
  0x9CD3,   0x9493,   0x9493,   0x9CB3,   0x83F0,   0x838D,   0x9C0E,   0x7B4C,   0x2104,   0x20E3,   0x72A9,   0xABAC,
  0x932B,   0x8C10,   0x9CD2,   0x9491,   0x9491,   0x9491,   0x9491,   0x9CB2,   0x9CB2,   0x9CD2,   0x9CD2,   0x9CD2,
  0x9CD2,   0x9CD2,   0x9CD2,   0x9CD2,   0x9CD2,   0x9CD2,   0x9CF3,   0xA4F3,   0xA513,   0xA514,   0xA534,   0xAD54,
  0xAD55,   0xAD75,   0xAD95,   0xB596,   0xB5B6,   0xB5B6,   0xB5D7,   0xB5D7,   0xBDF7,   0xBDF8,   0xBE18,   0xC638,
  0xC638,   0xC639,   0xC659,   0xC659,   0xCE79,   0xCE79,   0xCE9A,   0xCE9A,   0xAD13,   0xAD13,   0xAD13,   0xAD13,
  0xAD13,   0xAD13,   0xAD13,   0xAD13,   0xAD33,   0xAD33,   0xAD33,   0xAD33,   0xAD33,   0xAD33,   0xAD33,   0xAD33,
  0xAD33,   0xAD33,   0xAD33,   0xAD13,   0xAD13,   0xAD13,   0xA513,   0xA513,   0xA513,   0xA513,   0xA4F2,   0x9CD2,
  0x9CD2,   0x9CD2,   0x9CB2,   0xA4F2,   0x836E,   0x7B6E,   0x9CD1,   0x9C91,   0x9450,   0x6AED,   0x73CF,   0x9C91,
  0x9470,   0x9470,   0x9450,   0x8C50,   0x8C30,   0x9471,   0x528A,   0x10A3,   0x0841,   0x5269,   0x8C30,   0x83EE,
  0x83EE,   0x8C2F,   0x8BCE,   0x82C9,   0x82EA,   0x9C2E,   0x93CD,   0x83F0,   0x9CD4,   0x94B3,   0x9CF4,   0x5ACC,
  0x83EF,   0xA470,   0xA42E,   0xA42F,   0xA42F,   0x9C0E,   0xA4B2,   0x52AB,   0x738F,   0x9CD4,   0x9493,   0x9CF4,
  0x83F0,   0x83AD,   0x9C0E,   0x93EE,   0x8B8C,   0x8B2A,   0x9B6B,   0x9B4B,   0x49E7,   0x6B6D,   0x9CB2,   0x9471,
  0x9491,   0x9491,   0x9492,   0x9CB2,   0x9CB2,   0x9CB2,   0x9CB2,   0x9CB2,   0x9CB2,   0x9CD2,   0x9CD2,   0x9CD2,
  0x9CD2,   0x9CD2,   0x9CD3,   0xA4F3,   0xA513,   0xA514,   0xA534,   0xAD54,   0xAD55,   0xAD75,   0xAD95,   0xB596,
  0xB5B6,   0xB5B6,   0xB5D7,   0xB5D7,   0xBDF7,   0xBE18,   0xBE18,   0xBE38,   0xC638,   0xC639,   0xC659,   0xC659,
  0xCE79,   0xCE79,   0xCE9A,   0xCE9A,   0xAD13,   0xAD13,   0xAD13,   0xAD13,   0xAD13,   0xAD13,   0xAD13,   0xAD13,
  0xAD13,   0xAD13,   0xAD13,   0xAD13,   0xAD13,   0xAD13,   0xAD13,   0xAD13,   0xAD13,   0xA513,   0xA513,   0xA513,
  0xA513,   0xA513,   0xA513,   0xA513,   0xA513,   0xA4F3,   0xA4D2,   0x9CD2,   0x9CD2,   0x9CD2,   0x9CB2,   0x9CD2,
  0x8B8E,   0x6AED,   0x9CB1,   0x9C91,   0x9450,   0x72ED,   0x6B8F,   0x9491,   0x9471,   0x9470,   0x9450,   0x8C50,
  0x8C50,   0x9450,   0x39C7,   0x10A3,   0x1062,   0x6B2C,   0x8C2F,   0x83EE,   0x83EF,   0x83EE,   0x83EF,   0x838C,
  0x8B2A,   0x9C0E,   0x9BEE,   0x7BAE,   0x9CD4,   0x9493,   0xA514,   0x31A7,   0x39C7,   0xA4B1,   0xA40E,   0xA42F,
  0xA42F,   0xA42F,   0x9C71,   0x1082,   0x5ACB,   0xA515,   0x9CD4,   0xA536,   0x7BD0,   0x8BAD,   0x9C0E,   0x9C2F,
  0x9BCD,   0x9B8C,   0x934B,   0x8BAD,   0x8430,   0x9CB2,   0x9471,   0x9491,   0x9491,   0x9491,   0x9491,   0x9491,
  0x9CB2,   0x9CB2,   0x9CB2,   0x9CB2,   0x9CB2,   0x9CB2,   0x9CD2,   0x9CD2,   0x9CD2,   0x9CD2,   0x9CD2,   0x9CF3,
  0xA4F3,   0xA514,   0xA534,   0xA534,   0xAD55,   0xAD75,   0xAD95,   0xB596,   0xB5B6,   0xB5B7,   0xB5D7,   0xB5D7,
  0xBDF7,   0xBDF8,   0xBE18,   0xBE38,   0xC638,   0xC639,   0xC659,   0xC659,   0xCE79,   0xCE79,   0xCE9A,   0xCE9A,
  0xAD13,   0xAD13,   0xAD13,   0xAD13,   0xAD13,   0xAD13,   0xAD13,   0xAD13,   0xAD13,   0xAD13,   0xAD13,   0xAD13,
  0xAD13,   0xAD13,   0xAD13,   0xAD13,   0xAD13,   0xAD13,   0xA513,   0xA513,   0xA513,   0xA513,   0xA513,   0xA4F3,
  0xA4F3,   0xA4F2,   0x9CD2,   0x9CD2,   0x9CD2,   0x9CB2,   0x9CB2,   0x9CD2,   0x93CF,   0x6A8B,   0x8C51,   0x9CB1,
  0x9450,   0x72ED,   0x634E,   0x9450,   0x9471,   0x9470,   0x9450,   0x8C50,   0x8C30,   0x9450,   0x39C7,   0x0000,
  0x18A3,   0x83EE,   0x8C0F,   0x83EF,   0x83EF,   0x83CE,   0x8C2F,   0x52CC,   0x4A29,   0x9C0E,   0xA42E,   0x838E,
  0x94B3,   0x9493,   0x9CF4,   0x52AB,   0x0862,   0x940F,   0xA42F,   0x9C2F,   0xA42F,   0xA44F,   0x8BEF,   0x10C3,
  0x634E,   0x9CF5,   0x9493,   0x9CB4,   0x7B8F,   0x93EE,   0x9C2F,   0x9C4F,   0x93AC,   0x9B6C,   0x93CE,   0x9492,
  0x9491,   0x9471,   0x9471,   0x9471,   0x9491,   0x9491,   0x9491,   0x9491,   0x9CB2,   0x9CB2,   0x9CB2,   0x9CB2,
  0x9CB2,   0x9CD2,   0x9CD2,   0x9CD2,   0x9CD2,   0x9CD2,   0x9CD2,   0x9CF3,   0xA4F3,   0xA514,   0xA534,   0xA534,
  0xAD55,   0xAD75,   0xAD95,   0xB596,   0xB5B6,   0xB5B6,   0xB5D7,   0xBDF7,   0xBDF7,   0xBE18,   0xBE18,   0xC618,
  0xC638,   0xC639,   0xC659,   0xC659,   0xCE79,   0xCE79,   0xCE9A,   0xCE9A,   0xACF3,   0xAD13,   0xACF3,   0xACF3,
  0xAD13,   0xAD13,   0xAD13,   0xAD13,   0xAD13,   0xAD13,   0xAD13,   0xAD13,   0xAD13,   0xAD13,   0xA513,   0xAD13,
  0xAD13,   0xAD13,   0xA4F3,   0xA4F3,   0xA513,   0xA4F3,   0xA4F3,   0xA4F2,   0xA4F2,   0xA4D2,   0x9CD2,   0x9CD2,
  0x9CB2,   0x9CB2,   0x9CB1,   0x9CD2,   0x940F,   0x724A,   0x7BB0,   0x9CB1,   0x9450,   0x72EC,   0x5B0D,   0x8410,
  0x9491,   0x9450,   0x8C50,   0x8C50,   0x8C30,   0x9450,   0x738D,   0x3186,   0x62EB,   0x8C50,   0x840F,   0x83EF,
  0x83EE,   0x8C0F,   0x7BAE,   0x2188,   0x1968,   0x93EE,   0xA42F,   0x8BAD,   0x8C52,   0x9CD4,   0x9CD4,   0x8C72,
  0x4229,   0x8BCE,   0xA42F,   0x9C2F,   0x9C2F,   0xA44F,   0x8BEF,   0x31A7,   0x7BF1,   0x9CF5,   0x94B4,   0x9494,
  0x83AF,   0xA44F,   0x9C2F,   0x9C2F,   0x93AD,   0x93EE,   0x9471,   0x9471,   0x9471,   0x9471,   0x9471,   0x9471,
  0x9471,   0x9CB2,   0x9CB2,   0x9492,   0x9CB2,   0x94B2,   0x9CB2,   0x9CB2,   0x94B2,   0x9CB2,   0x9CB2,   0x9CD2,
  0x9CD2,   0x9CD2,   0x9CD2,   0x9CF3,   0xA4F3,   0xA514,   0xA534,   0xA554,   0xAD55,   0xAD75,   0xAD75,   0xAD96,
  0xB5B6,   0xB5B6,   0xB5D7,   0xB5D7,   0xBDF7,   0xBE18,   0xBE18,   0xC638,   0xC638,   0xC639,   0xC659,   0xC659,
  0xCE79,   0xCE79,   0xCE9A,   0xCE9A,   0xA4F2,   0xACF2,   0xACF3,   0xACF3,   0xAD13,   0xACF3,   0xACF3,   0xACF3,
  0xACF3,   0xAD13,   0xACF3,   0xACF3,   0xA513,   0xA512,   0xA4F2,   0xA513,   0xA513,   0xA4F2,   0xA4F3,   0xA4F3,
  0xA4F3,   0xA4F3,   0xA4F2,   0xA4F2,   0xA4D2,   0x9CD2,   0x9CD2,   0x9CB2,   0x9CB2,   0x9CB1,   0x9CB1,   0x9CB1,
  0x9450,   0x7A4A,   0x6B2E,   0x9471,   0x9C90,   0x72EC,   0x5AED,   0x6B8E,   0x9491,   0x8C50,   0x8C50,   0x8C50,
  0x8C50,   0x8C30,   0x8C50,   0x9450,   0x8C50,   0x840F,   0x8C0F,   0x83EF,   0x840F,   0x83CE,   0x4A6A,   0x2A0B,
  0x1969,   0x7B6D,   0xA44F,   0x9C2F,   0x8BEF,   0x8C10,   0x8410,   0x8C31,   0x8410,   0x93EE,   0xA42E,   0x9C2F,
  0x9C2F,   0xA44F,   0x93EE,   0x7BAF,   0x8C31,   0x83F0,   0x8BEF,   0x8BCF,   0x8BAE,   0x8BAD,   0x9C2F,   0x9C2F,
  0x8C30,   0x8C71,   0x9491,   0x9471,   0x9471,   0x9471,   0x9471,   0x9471,   0x9CD2,   0x8C71,   0x8C51,   0x9CD2,
  0x9CB2,   0x94B2,   0x94B2,   0x94B2,   0x9CB2,   0x9CB2,   0x9CB2,   0x9CD2,   0x9CD2,   0x9CD2,   0x9CD2,   0x9CF3,
  0x9CF3,   0xA514,   0xA534,   0xA554,   0xAD55,   0xAD75,   0xAD75,   0xAD96,   0xB5B6,   0xB5B6,   0xB5D7,   0xB5D7,
  0xBDF7,   0xBDF8,   0xBE18,   0xBE38,   0xC638,   0xC659,   0xC659,   0xC659,   0xCE79,   0xCE9A,   0xCE9A,   0xCE9A,
  0xA4F2,   0xA4F2,   0xA4F2,   0xA4F2,   0xA4F2,   0xACF3,   0xA4F2,   0xACF3,   0xACF3,   0xACF3,   0xA4F2,   0xA4F2,
  0xA4F2,   0xA4F2,   0xA4F2,   0xA4F2,   0xA4F2,   0xA4F3,   0xA4F3,   0xA4F2,   0xA4F2,   0xA4F3,   0xA4F2,   0xA4D2,
  0x9CD2,   0x9CD2,   0x9CB2,   0x9CB2,   0x9CB2,   0x9CB1,   0x9CB1,   0x9CB1,   0x9C91,   0x7A6A,   0x6A8C,   0x7BF0,
  0x9CB1,   0x7B0C,   0x5AED,   0x52ED,   0x9470,   0x9450,   0x8C50,   0x8C50,   0x8C30,   0x8C30,   0x8C2F,   0x840F,
  0x840F,   0x8C0F,   0x840F,   0x83EF,   0x83EE,   0x5AAB,   0x4A4B,   0x2A0B,   0x198A,   0x526B,   0xA44E,   0x7B4C,
  0x732B,   0x93ED,   0xA44F,   0x9C2F,   0x9BEE,   0xA42E,   0x9C0E,   0x9C0E,   0xA42F,   0xA42F,   0xA42F,   0x940E,
  0x9C2F,   0xA42F,   0xA42F,   0x8BCD,   0x6AEB,   0x8BAD,   0xA470,   0x7BAE,   0x29C9,   0x21EA,   0x8C10,   0x940E,
  0x9430,   0x9471,   0x9491,   0x9CB2,   0x5B2D,   0x19A9,   0x220B,   0x6BAF,   0x9CB2,   0x94B2,   0x94B2,   0x94B2,
  0x94B2,   0x9CB2,   0x9CB2,   0x9CD2,   0x9CD2,   0x9CD2,   0x9CD2,   0x9CF3,   0x9CF3,   0xA513,   0xA534,   0xA534,
  0xAD55,   0xAD75,   0xAD75,   0xAD96,   0xAD96,   0xB5B6,   0xB5D6,   0xB5D7,   0xBDF7,   0xBDF8,   0xBE18,   0xBE38,
  0xC638,   0xC659,   0xC659,   0xC659,   0xCE79,   0xCE9A,   0xCE9A,   0xCE9A,   0xA4F2,   0xA4F2,   0xA4F2,   0xA4F2,
  0xA4F2,   0xA4F2,   0xA4F2,   0xA4F2,   0xA4F2,   0xA4F2,   0xA4F2,   0xA4F2,   0xA4F2,   0xA4F2,   0xA4F2,   0xA4F2,
  0xA4F2,   0xA4F2,   0xA4F3,   0xA4F2,   0xA4F2,   0xA4F2,   0xA4D2,   0xA4D2,   0x9CD2,   0x9CD2,   0x9CB2,   0x9CB2,
  0x9CB1,   0x9CB1,   0x9CB1,   0x9C91,   0x9CB1,   0x82CB,   0x720A,   0x6B2E,   0x9491,   0x836D,   0x62CC,   0x4AAC,
  0x840F,   0x9471,   0x8C50,   0x8C50,   0x8C30,   0x8C30,   0x8C2F,   0x8C0F,   0x840F,   0x8C0F,   0x83EF,   0x8C2F,
  0x6B2D,   0x5A6B,   0x62AC,   0x21CB,   0x1149,   0x1149,   0x93CE,   0xA42E,   0x8BAD,   0x9C2F,   0x7ACA,   0x6A69,
  0x9C71,   0xA491,   0xA470,   0xA470,   0xA470,   0xA490,   0x9C91,   0x9430,   0x59E8,   0x7AEA,   0xAC70,   0x9BEE,
  0x9C2F,   0xAC6F,   0x8BCE,   0x1947,   0x0969,   0x098A,   0x3A4B,   0x8B6B,   0x7B0A,   0x9450,   0x9C91,   0x3A4A,
  0x0928,   0x19CA,   0x118A,   0x532E,   0x9CD2,   0x9491,   0x94B2,   0x94B2,   0x94B2,   0x9CB2,   0x9CB2,   0x9CD2,
  0x9CD2,   0x9CD2,   0x9CD2,   0x9CF3,   0x9CF3,   0xA514,   0xA534,   0xA534,   0xAD55,   0xAD75,   0xAD75,   0xAD96,
  0xAD96,   0xB5B6,   0xB5D6,   0xB5D7,   0xBDF7,   0xBDF7,   0xBE18,   0xBE18,   0xC638,   0xC659,   0xC659,   0xC659,
  0xCE79,   0xCE9A,   0xCE9A,   0xCE9A,   0xA4F2,   0xA4F2,   0xA4F2,   0xA4F2,   0xA4F2,   0xA4F2,   0xA4F2,   0xA4F2,
  0xA4F2,   0xA4F2,   0xA4F2,   0xA4F2,   0xA4F2,   0xA4F2,   0xA4F2,   0xA4F2,   0xA4F2,   0xA4F2,   0xA4F2,   0xA4F2,
  0xA4F2,   0xA4D2,   0xA4D2,   0xA4D2,   0xA4D2,   0x9CB2,   0x9CB1,   0x9CB1,   0x9CB1,   0x9CB1,   0x9C91,   0x9C91,
  0x9CD1,   0x8B6D,   0x71C8,   0x72AC,   0x6BAF,   0x8BEE,   0x624A,   0x52ED,   0x634E,   0x9491,   0x8C50,   0x8C50,
  0x8C50,   0x8C30,   0x8C2F,   0x8C2F,   0x840F,   0x8C0F,   0x8C2F,   0x738E,   0x5AAC,   0x6A8B,   0x71E7,   0x4A2A,
  0x018C,   0x0109,   0x31A9,   0xAC4F,   0xA44F,   0xAC6F,   0x7269,   0x4083,   0x61A8,   0x7ACC,   0x7B4E,   0x836F,
  0x7B4E,   0x72ED,   0x6A4B,   0x6188,   0x48A4,   0x6A08,   0xAC70,   0xA42E,   0xA42F,   0x940E,   0x2987,   0x0907,
  0x2A49,   0x21E7,   0x098A,   0x5AAB,   0x6A88,   0x838D,   0x29A8,   0x0107,   0x220A,   0x3A87,   0x1187,   0x4B0E,
  0x9CD2,   0x9491,   0x9492,   0x94B2,   0x94B2,   0x94B2,   0x9CB2,   0x9CD2,   0x9CD2,   0x9CD2,   0x9CD2,   0x9CF3,
  0x9CF3,   0xA513,   0xA534,   0xA534,   0xA555,   0xAD75,   0xAD76,   0xAD96,   0xAD96,   0xB5B6,   0xB5D6,   0xB5D7,
  0xBDF7,   0xBDF8,   0xBE18,   0xBE18,   0xC638,   0xC639,   0xC659,   0xC659,   0xCE79,   0xCE79,   0xCE9A,   0xCE9A,
  0xA4F2,   0xA4F2,   0xA4F2,   0xA4F2,   0xA4F2,   0xA4F2,   0xA4F2,   0xA4F2,   0xA4F2,   0xA4F2,   0xA4F2,   0xA4F2,
  0xA4F2,   0xA4F2,   0xA4F2,   0xA4F2,   0xA4F2,   0xA4F2,   0xA4F2,   0xA4F2,   0xA4F2,   0xA4D2,   0xA4D2,   0xA4D2,
  0x9CD2,   0x9CD1,   0x9CB1,   0x9CB1,   0x9CB1,   0x9C91,   0x9C91,   0x9C91,   0x9CB1,   0x9430,   0x7209,   0x7A09,
  0x72ED,   0x73AF,   0x6A4A,   0x5A6B,   0x530E,   0x8C30,   0x9470,   0x8C50,   0x8C30,   0x8C30,   0x8C2F,   0x8C2F,
  0x8C2F,   0x840F,   0x6B6E,   0x5AAC,   0x728A,   0x5925,   0x7A27,   0x8AC8,   0x2989,   0x09AD,   0x0109,   0x39C9,
  0xA42E,   0xAC6F,   0x93AD,   0x6186,   0x6146,   0x71A8,   0x6968,   0x6167,   0x6147,   0x6967,   0x71A8,   0x79EA,
  0x6126,   0x8B2B,   0xA44F,   0xA42F,   0x93EE,   0x2967,   0x00C6,   0x19C9,   0x4B07,   0x3A66,   0x0969,   0x29A8,
  0x3944,   0x1926,   0x0107,   0x11AA,   0x3AA8,   0x4AE7,   0x19A7,   0x42AD,   0x9CD2,   0x9491,   0x9492,   0x94B2,
  0x94B2,   0x94B2,   0x9CD2,   0x9CD2,   0x9CD2,   0x9CD2,   0x9CD3,   0x9CF3,   0x9CF3,   0x9D13,   0xA534,   0xA534,
  0xA555,   0xAD75,   0xAD95,   0xAD96,   0xAD96,   0xB5B6,   0xB5D6,   0xB5D7,   0xBDF7,   0xBDF7,   0xBE18,   0xBE38,
  0xC638,   0xC639,   0xC659,   0xC659,   0xC679,   0xCE79,   0xCE9A,   0xCE9A,   0xA4F2,   0xA4F2,   0xA4F2,   0xA4F2,
  0xA4F2,   0xA4F2,   0xA4F2,   0xA4F2,   0xA4F2,   0xA4F2,   0xA4F2,   0xA4F2,   0xA4F2,   0xA4F2,   0xA4F2,   0xA4F2,
  0xA4F2,   0xA4F2,   0xA4F2,   0xA4F2,   0xA4D2,   0xA4D2,   0xA4D2,   0xA4D2,   0x9CD2,   0x9CB1,   0x9CB1,   0x9CB1,
  0x9CB1,   0x9C91,   0x9C91,   0x9C91,   0x9C91,   0x9CB1,   0x832C,   0x71A8,   0x824A,   0x7B0D,   0x6B0D,   0x59C8,
  0x5A2A,   0x5AED,   0x7BEF,   0x8C50,   0x9450,   0x9450,   0x8C30,   0x840F,   0x6B8F,   0x5B0E,   0x5A8C,   0x7249,
  0x5925,   0x4904,   0x9B29,   0x9AE7,   0x8245,   0x2947,   0x09AD,   0x012A,   0x3188,   0x93CD,   0xB490,   0x938D,
  0x69C8,   0x79C9,   0x820A,   0x820A,   0x7A0A,   0x820A,   0x822A,   0x79C9,   0x828A,   0xA44F,   0xAC6F,   0x93AD,
  0x51A6,   0x08C4,   0x0969,   0x2A48,   0x5327,   0x42C7,   0x19C8,   0x1189,   0x10A3,   0x00C5,   0x118A,   0x2A49,
  0x4B07,   0x4AE7,   0x21C6,   0x42AD,   0x9CD2,   0x9492,   0x9492,   0x94B2,   0x94B2,   0x9CD2,   0x9CD2,   0x9CD2,
  0x9CD2,   0x9CD2,   0x9CF3,   0x9CF3,   0x9CF3,   0x9D13,   0xA534,   0xA534,   0xA555,   0xAD75,   0xAD95,   0xAD96,
  0xB5B6,   0xB5B6,   0xB5B7,   0xB5D7,   0xB5F7,   0xBE18,   0xBE18,   0xBE38,   0xC638,   0xC659,   0xC659,   0xC679,
  0xC679,   0xCE79,   0xCE9A,   0xCE9A,   0xA4F2,   0xA4F2,   0xA4F2,   0xA4F2,   0xA4F2,   0xA4F2,   0xA4F2,   0xA4F2,
  0xA4F2,   0xA4F2,   0xA4F2,   0xA4F2,   0xA4F2,   0xA4F2,   0xA4F2,   0xA4F2,   0xA4F2,   0xA4F2,   0xA4F2,   0xA4F2,
  0xA4D2,   0xA4D2,   0xA4D2,   0xA4D2,   0x9CD2,   0x9CB1,   0x9CB1,   0x9CB1,   0x9C91,   0x9C91,   0x9C91,   0x9C91,
  0x9C91,   0x9491,   0x9C91,   0x7AAB,   0x71C8,   0x824A,   0x82ED,   0x72ED,   0x624B,   0x520A,   0x524B,   0x52AD,
  0x5B0D,   0x5B2E,   0x5B0E,   0x5AEE,   0x5AAC,   0x6A2A,   0x69A7,   0x6125,   0x2882,   0x7A46,   0xAAE7,   0xA2C6,
  0xA2E6,   0x9A85,   0x4966,   0x098B,   0x014B,   0x1108,   0x62AB,   0x9C0F,   0xA40E,   0x930B,   0x8A6B,   0x820A,
  0x820A,   0x822A,   0x8A6B,   0x9B8D,   0xAC90,   0xA42F,   0x62AB,   0x4923,   0x30E3,   0x0907,   0x11A9,   0x3AC8,
  0x4B28,   0x4B27,   0x2207,   0x11AA,   0x00C5,   0x0927,   0x19EA,   0x42E8,   0x4B08,   0x4AE7,   0x21E7,   0x4B0E,
  0x9CD2,   0x9492,   0x9492,   0x94B2,   0x94B2,   0x9CD2,   0x9CD2,   0x9CD2,   0x9CD2,   0x9CD3,   0x9CD3,   0x9CF3,
  0x9CF3,   0x9D13,   0xA534,   0xA534,   0xA555,   0xAD75,   0xAD95,   0xAD96,   0xAD96,   0xB5B6,   0xB5D7,   0xB5D7,
  0xB5F7,   0xBE18,   0xBE18,   0xBE38,   0xC638,   0xC659,   0xC659,   0xC659,   0xCE79,   0xCE79,   0xCE9A,   0xCE9A,
  0xA4F2,   0xA4F2,   0xA4F2,   0xA4F2,   0xA4F2,   0xA4F2,   0xA4F2,   0xA4F2,   0xA4F2,   0xA4F2,   0xA4F2,   0xA4F2,
  0xA4F2,   0xA4F2,   0xA4F2,   0xA4F2,   0xA4F2,   0xA4F2,   0xA4F2,   0xA4F2,   0xA4D2,   0xA4D2,   0xA4D2,   0x9CD2,
  0x9CB1,   0x9CB1,   0x9CB1,   0x9C91,   0x9C91,   0x9C91,   0x9C91,   0x9C91,   0x9491,   0x9470,   0x9491,   0x9470,
  0x7ACB,   0x71E9,   0x7A09,   0x826B,   0x82ED,   0x72ED,   0x6ACD,   0x62AC,   0x62AD,   0x62CD,   0x72CC,   0x724A,
  0x69A7,   0x5905,   0x50E4,   0x28A3,   0x20A2,   0x9AA7,   0xA2E7,   0xA2C6,   0xA2A6,   0xA2A5,   0xAAC6,   0x7206,
  0x196A,   0x016C,   0x00C8,   0x1128,   0x4A8C,   0x7B6E,   0x8B8D,   0x938D,   0x936D,   0x93AE,   0x93CE,   0x7B6D,
  0x4A6A,   0x1928,   0x18C5,   0x4903,   0x18C4,   0x0948,   0x19C9,   0x4B08,   0x5348,   0x5328,   0x2A27,   0x0969,
  0x0127,   0x0949,   0x2209,   0x3A88,   0x3AA8,   0x42C7,   0x2207,   0x5B4E,   0x9CD2,   0x9492,   0x94B2,   0x94B2,
  0x94B2,   0x9CD2,   0x9CD2,   0x9CD2,   0x9CD3,   0x9CD3,   0x9CF3,   0x9CF3,   0x9CF3,   0x9D13,   0xA534,   0xA534,
  0xA555,   0xAD75,   0xAD95,   0xAD96,   0xAD96,   0xB5B6,   0xB5D7,   0xB5D7,   0xBDF7,   0xBE18,   0xBE18,   0xBE38,
  0xC638,   0xC659,   0xC659,   0xC679,   0xCE79,   0xCE79,   0xCE9A,   0xCE9A,   0xA4F2,   0xA4F2,   0xA4F2,   0xA4F2,
  0xA4F2,   0xA4F2,   0xA4F2,   0xA4F2,   0xA4F2,   0xA4F2,   0xA4F2,   0xA4F2,   0xA4F2,   0xA4F2,   0xA4F2,   0xA4F2,
  0xA4F2,   0xA4F2,   0xA4F2,   0xA4F2,   0xA4D2,   0xA4D2,   0xA4D2,   0x9CD2,   0x9CB1,   0x9CB1,   0x9CB1,   0x9C91,
  0x9C91,   0x9C91,   0x9C91,   0x9491,   0x9491,   0x9470,   0x9470,   0x9470,   0x9471,   0x836D,   0x7A4A,   0x71C8,
  0x79C8,   0x79E9,   0x7A09,   0x7A09,   0x79E9,   0x79C8,   0x71A7,   0x6986,   0x5966,   0x6A49,   0x41A6,   0x4965,
  0x4986,   0x9AC7,   0xAAE7,   0xA2E6,   0xAAE6,   0xA2A6,   0x9A85,   0xAAC5,   0x9266,   0x3988,   0x098C,   0x014A,
  0x00C8,   0x012A,   0x118B,   0x21AA,   0x29AA,   0x218A,   0x0929,   0x00A7,   0x00A7,   0x00A6,   0x3125,   0x4923,
  0x08C5,   0x0989,   0x2209,   0x42E8,   0x3248,   0x19C8,   0x0947,   0x0969,   0x0969,   0x0969,   0x0969,   0x0969,
  0x0969,   0x1187,   0x19A8,   0x6BAF,   0x9CB2,   0x9492,   0x94B2,   0x94B2,   0x94D2,   0x9CD2,   0x9CD2,   0x9CD2,
  0x9CD3,   0x9CD3,   0x9CF3,   0x9CF3,   0x9CF3,   0xA513,   0xA534,   0xA534,   0xA555,   0xAD75,   0xAD95,   0xAD96,
  0xAD96,   0xB5B6,   0xB5B6,   0xB5D7,   0xBDF7,   0xBE18,   0xBE18,   0xBE38,   0xC638,   0xC659,   0xC659,   0xC659,
  0xCE79,   0xCE79,   0xCE79,   0xCE9A,   0xA4F2,   0xA4F2,   0xA4F2,   0xA4F2,   0xA4F2,   0xA4F2,   0xA4F2,   0xA4F2,
  0xA4F2,   0xA4F2,   0xA4F2,   0xA4F2,   0xA4F2,   0xA4F2,   0xA4F2,   0xA4F2,   0xA4F2,   0xA4F2,   0xA4F2,   0xA4D2,
  0xA4D2,   0xA4D2,   0xA4D2,   0x9CB1,   0x9CB1,   0x9CB1,   0x9CB1,   0x9C91,   0x9C91,   0x9C91,   0x9491,   0x9470,
  0x9470,   0x9470,   0x9470,   0x9470,   0x9470,   0x9491,   0x9450,   0x836D,   0x7ACB,   0x724A,   0x7229,   0x7209,
  0x7249,   0x7ACB,   0x838E,   0x8C0F,   0x8C2F,   0x9491,   0x7AC9,   0x5986,   0x41A7,   0xAAE7,   0xA2C6,   0xA2E6,
  0xA2E6,   0xAAE6,   0xA2C6,   0x9A85,   0x9A85,   0xA2A6,   0x61E6,   0x1969,   0x098C,   0x012A,   0x014A,   0x016B,
  0x014B,   0x012A,   0x012A,   0x0108,   0x00E7,   0x00A5,   0x4165,   0x18E4,   0x0907,   0x11AA,   0x11C9,   0x1168,
  0x0128,   0x0949,   0x0969,   0x0969,   0x0989,   0x11AA,   0x11AA,   0x11AA,   0x11CB,   0x11CB,   0x098A,   0x6BD0,
  0xA4F2,   0x9CD2,   0x94B2,   0x94B2,   0x9CD2,   0x9CD2,   0x9CD3,   0x9CD3,   0x9CD3,   0x9CD3,   0x9CF3,   0x9CF3,
  0x9CF3,   0x9D13,   0xA534,   0xA534,   0xA555,   0xAD75,   0xAD95,   0xAD96,   0xAD96,   0xB5B6,   0xB5D6,   0xB5D7,
  0xBDF7,   0xBE18,   0xBE18,   0xBE38,   0xC638,   0xC658,   0xC659,   0xC659,   0xCE79,   0xCE79,   0xCE99,   0xCE9A,
  0xA4F2,   0xA4F2,   0xA4F2,   0xA4F2,   0xA4F2,   0xA4F2,   0xA4F2,   0xA4F2,   0xA4F2,   0xA4F2,   0xA4F2,   0xA4F2,
  0xA4F2,   0xA4F2,   0xA4F2,   0xA4F2,   0xA4F2,   0xA4F2,   0xA4F2,   0xA4D2,   0xA4D2,   0xA4D2,   0xA4D2,   0x9CB1,
  0x9CB1,   0x9CB1,   0x9C91,   0x9C91,   0x9C91,   0x9491,   0x9470,   0x9470,   0x9470,   0x9470,   0x9470,   0x9470,
  0x9450,   0x8C50,   0x9470,   0x9491,   0x9491,   0x9470,   0x8C50,   0x8C50,   0x9471,   0x9491,   0x8C71,   0x8C70,
  0x8C50,   0x7AA9,   0x7163,   0x2927,   0x5A08,   0xAAE6,   0xA2C6,   0xA2E6,   0xA2E6,   0xA2E6,   0xA2A6,   0xA2A6,
  0x9A86,   0x9265,   0xA2C6,   0x8A65,   0x49A7,   0x21AB,   0x016B,   0x014B,   0x014B,   0x014B,   0x014B,   0x0109,
  0x00A7,   0x10C4,   0x10C4,   0x0084,   0x0948,   0x11AA,   0x0949,   0x0928,   0x0969,   0x0989,   0x0989,   0x118A,
  0x11AA,   0x11AB,   0x11CB,   0x19EB,   0x19EC,   0x1A0C,   0x1A2D,   0x2A8E,   0x532F,   0x6BB0,   0x9CB2,   0x9CD2,
  0x94B2,   0x9CD2,   0x9CD2,   0x9CD3,   0x9CD3,   0x9CD3,   0x9CF3,   0x9CF3,   0x9CF3,   0xA513,   0xA534,   0xA534,
  0xAD55,   0xAD75,   0xAD95,   0xAD96,   0xB5B6,   0xB5B6,   0xB5D6,   0xB5D7,   0xBDF7,   0xBE18,   0xBE18,   0xBE38,
  0xC638,   0xC658,   0xC659,   0xC679,   0xCE79,   0xCE79,   0xCE9A,   0xCE9A,   0xA4F2,   0xA4F2,   0xA4F2,   0xA4F2,
  0xA4F2,   0xA4F2,   0xA4F2,   0xA4F2,   0xA4F2,   0xA4F2,   0xA4F2,   0xA4F2,   0xA4F2,   0xA4F2,   0xA4F2,   0xA4F2,
  0xA4F2,   0xA4F2,   0xA4D2,   0xA4D2,   0xA4D2,   0xA4D2,   0x9CD2,   0x9CB1,   0x9CB1,   0x9CB1,   0x9C91,   0x9C91,
  0x9C91,   0x9490,   0x9470,   0x9470,   0x9470,   0x9470,   0x9470,   0x9450,   0x9450,   0x9450,   0x9450,   0x8C50,
  0x8C50,   0x8C50,   0x8C70,   0x8C70,   0x8C70,   0x8C50,   0x8C50,   0x9471,   0x82EA,   0x7163,   0x6964,   0x196B,
  0x49E9,   0xAAE7,   0xA2C6,   0xA2E6,   0xA2E6,   0xA2E6,   0xAAE6,   0xA2A6,   0x9AA6,   0x9A86,   0x9245,   0xA2C6,
  0x9A85,   0x8225,   0x6228,   0x29AA,   0x096A,   0x094A,   0x092A,   0x1108,   0x18C4,   0x1062,   0x0084,   0x08E6,
  0x1148,   0x1189,   0x0948,   0x0969,   0x1189,   0x1189,   0x0989,   0x11AA,   0x11CB,   0x11CB,   0x11CB,   0x09AB,
  0x09AB,   0x11CB,   0x1A0C,   0x224D,   0x2A6E,   0x19EC,   0x42CE,   0x8C92,   0x9CF3,   0x94D2,   0x9CD3,   0x9CD3,
  0x9CD3,   0x9CF3,   0x9CF3,   0x9CF3,   0x9D13,   0xA514,   0xA534,   0xA554,   0xAD55,   0xAD75,   0xAD95,   0xAD96,
  0xB5B6,   0xB5B6,   0xB5D7,   0xB5D7,   0xBDF7,   0xBE17,   0xBE18,   0xBE38,   0xC638,   0xC658,   0xC659,   0xC679,
  0xCE79,   0xCE79,   0xCE9A,   0xCE9A,   0xA4F2,   0xA4F2,   0xA4F2,   0xA4F2,   0xA4F2,   0xA4F2,   0xA4F2,   0xA4F2,
  0xA4F2,   0xA4F2,   0xA4F2,   0xA4F2,   0xA4F2,   0xA4F2,   0xA4F2,   0xA4F2,   0xA4F2,   0xA4F2,   0xA4D2,   0xA4D2,
  0xA4D2,   0xA4D2,   0x9CD2,   0x9CB1,   0x9CB1,   0x9CB1,   0x9C91,   0x9C91,   0x9C91,   0x9491,   0x9470,   0x9470,
  0x9470,   0x9470,   0x9450,   0x9450,   0x9450,   0x9450,   0x8C50,   0x8C50,   0x8C50,   0x8C50,   0x8C50,   0x8C50,
  0x8C70,   0x8C50,   0x9491,   0x8BAD,   0x79A4,   0x79A4,   0x69A5,   0x19AC,   0x39CA,   0xAAE7,   0xA2C6,   0xAAE6,
  0xAAE7,   0xAAE6,   0xA2E6,   0xA2C6,   0x9AA6,   0x9265,   0x8A24,   0x9A86,   0xA2C7,   0x8A45,   0x9285,   0x9285,
  0x7A26,   0x7206,   0x69E5,   0x5984,   0x2081,   0x0083,   0x08E6,   0x0907,   0x0948,   0x0969,   0x1169,   0x1189,
  0x118A,   0x0969,   0x11AA,   0x11AA,   0x098A,   0x098A,   0x222B,   0x42ED,   0x3AAD,   0x11CB,   0x09AB,   0x222D,
  0x2A8E,   0x2A4D,   0x11AB,   0x2A2C,   0x8C72,   0xA513,   0x9CD3,   0x9CD3,   0x9CF3,   0x9CF3,   0x9CF3,   0x9CF3,
  0x9D13,   0xA514,   0xA534,   0xA554,   0xAD55,   0xAD75,   0xAD95,   0xAD96,   0xB5B6,   0xB5D6,   0xB5D7,   0xB5F7,
  0xBDF7,   0xBE17,   0xBE38,   0xC638,   0xC658,   0xC658,   0xC659,   0xC679,   0xCE79,   0xCE99,   0xCE9A,   0xCE9A,
  0xA4F2,   0xA4F2,   0xA4F2,   0xA4F2,   0xA4F2,   0xA4F2,   0xA4F2,   0xA4F2,   0xA4F2,   0xA4F2,   0xA4F2,   0xA4D2,
  0xA4D2,   0xA4D2,   0xA4F2,   0xA4F2,   0xA4F2,   0xA4D2,   0xA4D2,   0xA4D2,   0xA4D2,   0xA4D2,   0x9CB1,   0x9CB1,
  0x9CB1,   0x9CB1,   0x9C91,   0x9C91,   0x9491,   0x9470,   0x9470,   0x9470,   0x9470,   0x9470,   0x9450,   0x9450,
  0x9450,   0x8C50,   0x8C50,   0x8C50,   0x8C50,   0x8C50,   0x8C50,   0x8C50,   0x8C50,   0x8C71,   0x8BEF,   0x8A46,
  0x89E5,   0x9205,   0x79E6,   0x11AC,   0x3A0B,   0xAAE7,   0xA2C6,   0xAAE7,   0xAAE7,   0xA2C6,   0xA2C6,   0xA2C6,
  0xA2A6,   0x9AA6,   0x9265,   0x9265,   0xA2C7,   0x9AA6,   0x8224,   0x9286,   0x9265,   0x8224,   0x71E3,   0x38C1,
  0x0862,   0x08E6,   0x0927,   0x0948,   0x1168,   0x1189,   0x1189,   0x0969,   0x220A,   0x532D,   0x6BCE,   0x6BCE,
  0x42EC,   0x328C,   0x740F,   0x7C4F,   0x7C2F,   0x63CE,   0x1A0B,   0x19EC,   0x328E,   0x19CB,   0x1169,   0x11AB,
  0x220C,   0x7C31,   0x9CF3,   0x9CD3,   0x9CF3,   0x9CF3,   0x9CF3,   0x9D13,   0xA513,   0xA534,   0xA534,   0xA555,
  0xAD75,   0xAD75,   0xAD96,   0xADB6,   0xB5B6,   0xB5D6,   0xB5D7,   0xB5F7,   0xBE17,   0xBE18,   0xBE38,   0xC638,
  0xC658,   0xC659,   0xC679,   0xCE79,   0xCE99,   0xCE99,   0xCE9A,   0xCE9A,   0xA4F2,   0xA4F2,   0xA4F2,   0xA4F2,
  0xA4F2,   0xA4F2,   0xA4F2,   0xA4F2,   0xA4F2,   0xA4F2,   0xA4D2,   0xA4D2,   0xA4D2,   0xA4D2,   0xA4D2,   0xA4F2,
  0xA4D2,   0xA4D2,   0xA4D2,   0xA4D2,   0xA4D2,   0x9CD2,   0x9CB1,   0x9CB1,   0x9CB1,   0x9C91,   0x9C91,   0x9491,
  0x9491,   0x9470,   0x9470,   0x9470,   0x9470,   0x9450,   0x9450,   0x9450,   0x9450,   0x8C50,   0x8C50,   0x8C50,
  0x8C50,   0x8C50,   0x8C50,   0x8C50,   0x8C50,   0x8C0F,   0x8A67,   0x9205,   0x9225,   0x8A05,   0x81E5,   0x21AB,
  0x31EB,   0xAAE7,   0xA2C6,   0xA2C6,   0xA2A6,   0xA2A6,   0xA2E7,   0x9AE8,   0x92A7,   0x8A46,   0x9A65,   0x9A86,
  0xA2C6,   0xA2C7,   0x8A45,   0x8224,   0x8A45,   0x7A04,   0x5142,   0x1882,   0x0906,   0x1148,   0x1148,   0x1169,
  0x1169,   0x1189,   0x0969,   0x326B,   0x73EE,   0x73EE,   0x73EE,   0x6BCD,   0x740E,   0x7C2F,   0x6BCD,   0x5B4B,
  0x6BEE,   0x7C0E,   0x5B6D,   0x19EB,   0x2A6D,   0x0107,   0x0108,   0x116A,   0x324A,   0x73CC,   0x9CF2,   0x9CF3,
  0x9CF3,   0x9CF3,   0x9CF3,   0x9D13,   0xA513,   0xA534,   0xA534,   0xA555,   0xAD75,   0xAD75,   0xAD96,   0xADB6,
  0xB5B6,   0xB5D7,   0xB5F7,   0xBDF7,   0xBE18,   0xBE18,   0xC638,   0xC658,   0xC659,   0xC679,   0xC679,   0xCE79,
  0xCE99,   0xCE9A,   0xCE9A,   0xD6BA,   0xA4F2,   0xA4F2,   0xA4F2,   0xA4F2,   0xA4F2,   0xA4F2,   0xA4F2,   0xA4F2,
  0xA4F2,   0xA4D2,   0xA4F2,   0xA4D2,   0xA4D2,   0xA4D2,   0xA4D2,   0xA4D2,   0xA4D2,   0xA4D2,   0xA4D2,   0xA4D2,
  0xA4D2,   0x9CB2,   0x9CB1,   0x9CB1,   0x9CB1,   0x9C91,   0x9C91,   0x9C91,   0x9470,   0x9470,   0x9470,   0x9470,
  0x9450,   0x9450,   0x9450,   0x9450,   0x8C50,   0x8C50,   0x8C50,   0x8C50,   0x8C50,   0x8C50,   0x8C50,   0x8C50,
  0x8C50,   0x930A,   0x9205,   0x9226,   0x8A05,   0x8A05,   0x9225,   0x59E8,   0x11AC,   0x29CB,   0x5A49,   0xA34A,
  0x9B8B,   0xA3CD,   0xA40E,   0x9C2F,   0x9C2F,   0x93CE,   0x8266,   0x9A85,   0xA2C7,   0x9AA6,   0x9286,   0x8204,
  0x71E4,   0x71E4,   0x5143,   0x1106,   0x1169,   0x1168,   0x1168,   0x1169,   0x1189,   0x0969,   0x2A2B,   0x740E,
  0x73CD,   0x73EE,   0x6BAD,   0x5B2C,   0x636D,   0x7C2F,   0x5B4C,   0x636C,   0x6BCD,   0x73EE,   0x73EE,   0x2A4C,
  0x326B,   0x3AAB,   0x1189,   0x29E7,   0x7389,   0x7BE9,   0x8C8E,   0x9CF3,   0x9CF3,   0x9CF3,   0x9CF3,   0x9D13,
  0xA513,   0xA534,   0xA554,   0xA555,   0xAD75,   0xAD95,   0xAD96,   0xADB6,   0xB5D6,   0xB5D7,   0xB5F7,   0xBE17,
  0xBE18,   0xBE38,   0xC638,   0xC658,   0xC659,   0xC679,   0xCE79,   0xCE99,   0xCE9A,   0xCE9A,   0xCEBA,   0xD6BA,
  0xA4F2,   0xA4F2,   0xA4F2,   0xA4F2,   0xA4F2,   0xA4F2,   0xA4F2,   0xA4F2,   0xA4D2,   0xA4D2,   0xA4D2,   0xA4D2,
  0xA4D2,   0xA4D2,   0xA4D2,   0xA4D2,   0xA4D2,   0xA4D2,   0xA4D2,   0xA4D2,   0xA4D2,   0x9CB1,   0x9CB1,   0x9CB1,
  0x9CB1,   0x9C91,   0x9C91,   0x9C71,   0x9470,   0x9470,   0x9470,   0x9470,   0x9450,   0x9450,   0x9450,   0x9450,
  0x8C50,   0x8C50,   0x8C50,   0x8C50,   0x8C50,   0x8C50,   0x8C50,   0x8C30,   0x842F,   0x92C8,   0x9A26,   0x9226,
  0x9226,   0x9A46,   0x9246,   0x9225,   0x41A9,   0x018D,   0x2A0C,   0xA42E,   0xA46F,   0xA470,   0xA470,   0xA44F,
  0x9C2F,   0x942F,   0x832B,   0x8204,   0x9286,   0x9A86,   0x9265,   0x8A45,   0x71C4,   0x61A3,   0x5963,   0x18C4,
  0x0107,   0x0927,   0x0948,   0x1169,   0x1189,   0x1189,   0x636D,   0x73ED,   0x6BCD,   0x73ED,   0x6BCD,   0x7C2F,
  0x6BAD,   0x6BEE,   0x638D,   0x740E,   0x73EE,   0x7C0E,   0x740E,   0x2A2B,   0x3A88,   0x5349,   0x3AAA,   0x4226,
  0x6327,   0x73A9,   0x7BEA,   0x94D1,   0x9CF3,   0x9CF3,   0x9D13,   0xA513,   0xA514,   0xA534,   0xA554,   0xA555,
  0xAD75,   0xAD95,   0xADB6,   0xB5B6,   0xB5D6,   0xB5D7,   0xB5F7,   0xBE17,   0xBE38,   0xC638,   0xC638,   0xC658,
  0xC659,   0xC679,   0xCE79,   0xCE99,   0xCE9A,   0xCEBA,   0xCEBA,   0xD6BA,   0xA4F2,   0xA4F2,   0xA4F2,   0xA4F2,
  0xA4F2,   0xA4F2,   0xA4F2,   0xA4F2,   0xA4F2,   0xA4D2,   0xA4D2,   0xA4D2,   0xA4D2,   0xA4D2,   0xA4D2,   0xA4D2,
  0xA4D2,   0xA4D2,   0xA4D2,   0xA4D2,   0xA4D2,   0x9CD2,   0x9CB1,   0x9CB1,   0x9CB1,   0x9C91,   0x9C91,   0x9C71,
  0x9470,   0x9470,   0x9470,   0x9450,   0x9450,   0x9450,   0x9450,   0x9450,   0x8C50,   0x8C50,   0x8C50,   0x8C50,
  0x8C50,   0x8C30,   0x8C2F,   0x840F,   0x840F,   0x8B4B,   0x9A45,   0x9A66,   0x9A66,   0x9A46,   0x9246,   0x9245,
  0x8205,   0x39A8,   0x096C,   0x736D,   0xAC6F,   0x9C4F,   0xA44F,   0xA44F,   0x9C4F,   0x9C2F,   0x8BAD,   0x5963,
  0x6142,   0x6983,   0x71C4,   0x79E4,   0x69A4,   0x5163,   0x28A2,   0x0042,   0x08C5,   0x08C5,   0x0927,   0x1169,
  0x0969,   0x19CA,   0x7BEE,   0x7C2E,   0x73ED,   0x73ED,   0x73EE,   0x73EE,   0x740E,   0x740E,   0x740E,   0x73EE,
  0x740E,   0x6BCE,   0x3A8C,   0x4AEB,   0x4B0A,   0x534B,   0x4ACA,   0x4205,   0x52C7,   0x6B68,   0x73A9,   0x8C6F,
  0x9D13,   0x9D13,   0xA513,   0xA514,   0xA534,   0xA554,   0xA554,   0xAD75,   0xAD75,   0xAD96,   0xADB6,   0xB5B6,
  0xB5D7,   0xB5F7,   0xBDF7,   0xBE18,   0xBE38,   0xC638,   0xC658,   0xC659,   0xC679,   0xCE79,   0xCE99,   0xCE99,
  0xCE9A,   0xCEBA,   0xD6BA,   0xD6BA,   0xA4F2,   0xA4F2,   0xA4F2,   0xA4F2,   0xA4F2,   0xA4F2,   0xA4F2,   0xA4F2,
  0xA4F2,   0xA4F2,   0xA4F2,   0xA4D2,   0xA4D2,   0xA4D2,   0xA4D2,   0xA4D2,   0xA4D2,   0xA4D2,   0xA4D2,   0xA4D2,
  0x9CD2,   0x9CD2,   0x9CB1,   0x9CB1,   0x9C91,   0x9C91,   0x9C91,   0x9C91,   0x9470,   0x9470,   0x9470,   0x9470,
  0x9450,   0x9450,   0x9450,   0x8C50,   0x8C30,   0x8C50,   0x8C30,   0x8C30,   0x8C30,   0x8C0F,   0x840F,   0x83EE,
  0x83EE,   0x83CE,   0x9309,   0x9AA7,   0x9A66,   0x9246,   0x9246,   0x8A45,   0x8A25,   0x8204,   0x4166,   0x3A0B,
  0xA46F,   0x9C4F,   0xA46F,   0xA46F,   0x9C4F,   0x9C2F,   0x940F,   0x69E5,   0x5921,   0x5942,   0x5122,   0x5143,
  0x4923,   0x2082,   0x0042,   0x0884,   0x2083,   0x30C3,   0x10C4,   0x0948,   0x1189,   0x1189,   0x324B,   0x5B6D,
  0x73EE,   0x7C0E,   0x740E,   0x7C0E,   0x740E,   0x740E,   0x6BCD,   0x6BAD,   0x7C2E,   0x532D,   0x5B4E,   0x9CD2,
  0x8C91,   0x9492,   0x9471,   0x4A66,   0x4A66,   0x6B48,   0x6B88,   0x7C2C,   0x9D13,   0xA513,   0xA513,   0xA534,
  0xA534,   0xA554,   0xA555,   0xAD75,   0xAD95,   0xAD96,   0xB5B6,   0xB5D6,   0xB5D7,   0xB5F7,   0xBE17,   0xBE18,
  0xBE38,   0xC638,   0xC658,   0xC659,   0xC679,   0xCE79,   0xCE99,   0xCE9A,   0xCEBA,   0xCEBA,   0xD6BA,   0xD6DA,
  0xA4F2,   0xA4F2,   0xA4F2,   0xA4F2,   0xA4F2,   0xA4F2,   0xA4F2,   0xA4F2,   0xA4F2,   0xA4F2,   0xA4F2,   0xA4F2,
  0xA4D2,   0xA4D2,   0xA4D2,   0xA4D2,   0xA4D2,   0xA4D2,   0xA4D2,   0xA4D2,   0x9CD2,   0x9CD2,   0x9CB1,   0x9CB1,
  0x9C91,   0x9C91,   0x9C91,   0x9C91,   0x9471,   0x9470,   0x9470,   0x9470,   0x9450,   0x9450,   0x9450,   0x8C50,
  0x8C2F,   0x8C2F,   0x8C2F,   0x8C2F,   0x8C0F,   0x83EE,   0x83EE,   0x83EE,   0x83CE,   0x7BCE,   0x7BCE,   0x7B8D,
  0x8AE9,   0x9266,   0x9266,   0x8A25,   0x8A25,   0x8A25,   0x8204,   0x5963,   0x8B8C,   0xA46F,   0xA44F,   0xA46F,
  0xA44F,   0x9C4F,   0x9C4F,   0x72EA,   0x4103,   0x38E3,   0x38E2,   0x28C3,   0x1084,   0x1107,   0x0949,   0x2906,
  0x6227,   0x62AA,   0x3945,   0x2083,   0x1147,   0x118A,   0x0969,   0x220A,   0x638D,   0x73ED,   0x740E,   0x4A89,
  0x636C,   0x740E,   0x5B4B,   0x5B2B,   0x6BAD,   0x6BAD,   0x9CB2,   0x94B1,   0x94B1,   0x94B1,   0x9CF3,   0x6B2A,
  0x4A65,   0x6348,   0x6B88,   0x73CA,   0x9CF2,   0x9D14,   0xA534,   0xA534,   0xA534,   0xA554,   0xA575,   0xAD75,
  0xAD95,   0xADB6,   0xB5B6,   0xB5D6,   0xB5F7,   0xBDF7,   0xBE17,   0xBE38,   0xC638,   0xC658,   0xC659,   0xC679,
  0xCE79,   0xCE99,   0xCE9A,   0xCE9A,   0xCEBA,   0xD6BA,   0xD6DA,   0xD6DA,   0xA4F2,   0xA4F2,   0xA4F2,   0xA4F2,
  0xA4F2,   0xA4F2,   0xA4F2,   0xA4F2,   0xA4F2,   0xA4F2,   0xA4F2,   0xA4D2,   0xA4D2,   0xA4D2,   0xA4D2,   0xA4D2,
  0xA4D2,   0xA4D2,   0xA4D1,   0xA4D1,   0xA4B2,   0x9CB1,   0x9CB1,   0x9CB1,   0x9C91,   0x9C91,   0x9C91,   0x9C91,
  0x9490,   0x9470,   0x9470,   0x9450,   0x9450,   0x9450,   0x9450,   0x8C30,   0x8C2F,   0x8C2F,   0x8C0F,   0x8C0F,
  0x8C0F,   0x83EE,   0x83EE,   0x83EE,   0x83CE,   0x7BCE,   0x7BAD,   0x7BAE,   0x832B,   0x9A66,   0x9A66,   0x9246,
  0x9245,   0x8A25,   0x8225,   0x71A3,   0x7A87,   0xA46F,   0xA44F,   0xA46F,   0xA46F,   0x9C4F,   0x9C4F,   0x940E,
  0x8BAD,   0x730B,   0x5249,   0x1969,   0x09AC,   0x11CD,   0x09ED,   0x09CC,   0x630D,   0x8BCE,   0x62AA,   0x4164,
  0x18C3,   0x1146,   0x4AAA,   0x73CC,   0x73ED,   0x6BAC,   0x6BAC,   0x6BAD,   0x73CD,   0x73EE,   0x6BCD,   0x6BCC,
  0x63AB,   0x42EB,   0x4ACD,   0x9CB2,   0x94B2,   0x9491,   0x9CD3,   0x8C50,   0x52A6,   0x6327,   0x7388,   0x73A9,
  0x9CF2,   0xA534,   0xA534,   0xA534,   0xA554,   0xA554,   0xAD75,   0xAD75,   0xAD96,   0xADB6,   0xB5D6,   0xB5D7,
  0xB5F7,   0xBDF7,   0xBE18,   0xBE38,   0xC638,   0xC658,   0xC659,   0xC679,   0xCE79,   0xCE99,   0xCE9A,   0xCEBA,
  0xCEBA,   0xD6BA,   0xD6DA,   0xD6DB,   0xACF2,   0xA4F2,   0xACF2,   0xACF2,   0xA4F2,   0xA4F2,   0xA4F2,   0xA4F2,
  0xA4F2,   0xA4F2,   0xA4F2,   0xA4F2,   0xA4D2,   0xA4D2,   0xA4D2,   0xA4D2,   0xA4D2,   0xA4D2,   0xA4D1,   0xA4B1,
  0xA4B1,   0x9CB1,   0x9CB1,   0x9CB1,   0x9C91,   0x9C91,   0x9C91,   0x9C90,   0x9490,   0x9470,   0x9470,   0x9450,
  0x9450,   0x944F,   0x942F,   0x8C2F,   0x8C2F,   0x8C2F,   0x8C0F,   0x8C0F,   0x840F,   0x83EE,   0x83EE,   0x83CE,
  0x83CE,   0x7BAD,   0x7BAD,   0x738D,   0x832A,   0x9A86,   0x9A86,   0x9AA6,   0x9A86,   0x9A86,   0x9A66,   0x9245,
  0x8225,   0x9C0D,   0xA44F,   0xA44F,   0xA44F,   0x9C4F,   0x9C4F,   0x9C4F,   0x9C4F,   0x9C4F,   0xA44F,   0x7BAF,
  0x120D,   0x09ED,   0x0A0E,   0x01EE,   0x224D,   0x940F,   0x8BCE,   0x838D,   0x730A,   0x4226,   0x4AE8,   0x3A47,
  0x52E9,   0x636B,   0x5B4B,   0x63AC,   0x638C,   0x5B6B,   0x5349,   0x5369,   0x5369,   0x21E9,   0x014A,   0x42CD,
  0x94B2,   0x94B2,   0x94B2,   0x9CF3,   0x7BCC,   0x6B27,   0x6B68,   0x7BEC,   0x9D13,   0xA514,   0xA534,   0xA534,
  0xA554,   0xA554,   0xAD75,   0xAD95,   0xAD96,   0xB5B6,   0xB5D6,   0xB5D7,   0xBDF7,   0xBE17,   0xBE38,   0xC638,
  0xC658,   0xC658,   0xC679,   0xCE79,   0xCE99,   0xCE99,   0xCE9A,   0xCEBA,   0xD6BA,   0xD6BA,   0xD6DA,   0xD6DB,
  0xACF2,   0xACF2,   0xACF2,   0xACF2,   0xACF2,   0xACF2,   0xA4F2,   0xA4F2,   0xA4F2,   0xA4F2,   0xA4F2,   0xA4F2,
  0xA4F2,   0xA4F2,   0xA4D2,   0xA4D2,   0xA4D2,   0xA4D1,   0xA4B1,   0xA4B1,   0x9CB1,   0x9CB1,   0x9CB1,   0x9CB1,
  0x9C91,   0x9C91,   0x9C91,   0x9C90,   0x9490,   0x9470,   0x9470,   0x9450,   0x9450,   0x9450,   0x942F,   0x8C2F,
  0x8C2F,   0x8C2F,   0x8C0F,   0x8C0F,   0x840F,   0x83EE,   0x83EE,   0x83CE,   0x83CE,   0x7BAD,   0x7B8D,   0x7BAD,
  0x834B,   0x9AA6,   0x9A86,   0x9A86,   0x9A86,   0x9A65,   0x9265,   0x9265,   0x8A04,   0x9329,   0xA46F,   0xA44E,
  0xA44F,   0xA44F,   0x9C4F,   0x9C50,   0x9C50,   0x9C4F,   0x9C4F,   0x9C70,   0x42EE,   0x01EE,   0x0A0E,   0x0A0E,
  0x0A0E,   0x7BCF,   0x9C2F,   0x940E,   0x940E,   0x52E8,   0x3A87,   0x29E6,   0x3A66,   0x42E7,   0x4B08,   0x4B28,
  0x5348,   0x5348,   0x5369,   0x5B8A,   0x532B,   0x0948,   0x098A,   0x098B,   0x42EE,   0x9CD2,   0x94B2,   0x9CD2,
  0x9CF3,   0x8C6F,   0x8C4E,   0x9CF3,   0x9D13,   0xA514,   0xA534,   0xA554,   0xA554,   0xA554,   0xAD75,   0xAD95,
  0xADB6,   0xB5B6,   0xB5D6,   0xB5F7,   0xBDF7,   0xBE17,   0xBE38,   0xBE38,   0xC658,   0xC659,   0xC679,   0xCE79,
  0xCE99,   0xCE9A,   0xCEBA,   0xD6BA,   0xD6BA,   0xD6DA,   0xD6DA,   0xD6DB,   0xACF2,   0xACF2,   0xACF2,   0xACF2,
  0xACF2,   0xACF2,   0xACF2,   0xACF2,   0xA4F2,   0xA4F2,   0xA4F2,   0xA4F2,   0xA4F2,   0xA4F2,   0xA4D2,   0xA4D2,
  0xA4D2,   0xA4D1,   0xA4B1,   0xA4B1,   0x9CB1,   0x9CB1,   0x9CB1,   0x9CB1,   0x9C91,   0x9C91,   0x9C91,   0x9C91,
  0x9490,   0x9470,   0x9470,   0x9450,   0x9450,   0x9450,   0x944F,   0x8C2F,   0x8C2F,   0x8C2F,   0x8C0F,   0x8C0F,
  0x8C0E,   0x83EE,   0x83EE,   0x83CE,   0x83CE,   0x7BAD,   0x83CD,   0x6B4C,   0x7AC9,   0x9AC7,   0x9A86,   0x9A86,
  0x9286,   0x9266,   0x9265,   0x8A45,   0x8A04,   0x8204,   0xA42E,   0xA44F,   0x9C2E,   0xA44F,   0xA44F,   0x9C4F,
  0x9C4F,   0x9C4F,   0x9C4F,   0xA490,   0x5B6F,   0x01EE,   0x0A0E,   0x0A0E,   0x01ED,   0x6B8F,   0xA46F,   0x942F,
  0x942E,   0x5309,   0x42E7,   0x3A86,   0x42C7,   0x4B08,   0x4B08,   0x5348,   0x5B69,   0x5B69,   0x5B69,   0x6BCC,
  0x9491,   0x6B8E,   0x19A9,   0x098A,   0x09AB,   0x5B4F,   0x9CF3,   0x94D2,   0x9CF2,   0x9D13,   0x9D13,   0x9D13,
  0xA513,   0xA534,   0xA534,   0xA554,   0xA554,   0xA575,   0xAD75,   0xAD95,   0xADB6,   0xB5D6,   0xB5D7,   0xB5F7,
  0xBDF7,   0xBE18,   0xBE38,   0xBE38,   0xC658,   0xC659,   0xCE79,   0xCE79,   0xCE99,   0xCE9A,   0xCEBA,   0xD6BA,
  0xD6BA,   0xD6DA,   0xD6DA,   0xD6DB,   0xAD12,   0xAD12,   0xAD12,   0xAD12,   0xAD12,   0xACF2,   0xACF2,   0xACF2,
  0xACF2,   0xACF2,   0xA4F2,   0xA4F2,   0xA4F2,   0xA4F2,   0xA4D2,   0xA4D2,   0xA4D2,   0xA4D2,   0xA4D1,   0xA4B1,
  0xA4B1,   0x9CB1,   0x9CB1,   0x9CB1,   0x9CB1,   0x9CB1,   0x9C91,   0x9C91,   0x9C90,   0x9470,   0x9470,   0x9470,
  0x9450,   0x9450,   0x944F,   0x942F,   0x8C2F,   0x8C2F,   0x8C0F,   0x8C0F,   0x8C0E,   0x83EE,   0x83EE,   0x83CE,
  0x83CE,   0x7BCE,   0x6B0B,   0x5228,   0x8A87,   0x9AA6,   0x9AA6,   0x9A86,   0x9A86,   0x9A86,   0x9A86,   0x9286,
  0x9285,   0x89E3,   0x92C7,   0xA46F,   0xA44E,   0xA44F,   0xA44F,   0xA44F,   0xA44F,   0xA44F,   0x9C2F,   0xA490,
  0x5B6F,   0x01EE,   0x0A0E,   0x0A0E,   0x01CD,   0x5B4F,   0xA46F,   0x9C4F,   0x8C0E,   0x5B69,   0x3A68,   0x3227,
  0x4B08,   0x4B28,   0x5348,   0x5369,   0x5B89,   0x63AA,   0x7C0D,   0x8C71,   0x8C71,   0x9CB2,   0x8430,   0x3A6B,
  0x098A,   0x4AEE,   0x9CF2,   0x94D2,   0x9CF2,   0x9CF2,   0x9CF3,   0x9D13,   0xA514,   0xA534,   0xA534,   0xA554,
  0xA554,   0xAD75,   0xAD95,   0xAD95,   0xB5B6,   0xB5D6,   0xB5D7,   0xBDF7,   0xBE17,   0xBE18,   0xBE38,   0xC638,
  0xC659,   0xC679,   0xCE79,   0xCE99,   0xCE99,   0xCE9A,   0xCEBA,   0xD6BA,   0xD6DA,   0xD6DA,   0xD6DA,   0xD6DB,
  0xAD13,   0xAD13,   0xAD13,   0xAD13,   0xAD12,   0xAD12,   0xAD12,   0xAD12,   0xAD12,   0xACF2,   0xACF2,   0xA4F2,
  0xA4F2,   0xA4F2,   0xA4D2,   0xA4F2,   0xA4D2,   0xA4D2,   0xA4D2,   0xA4D1,   0xA4D1,   0xA4D1,   0x9CD1,   0x9CD1,
  0x9CB1,   0x9CB1,   0x9CB1,   0x9C91,   0x9C91,   0x9C70,   0x9470,   0x9470,   0x9450,   0x9450,   0x944F,   0x944F,
  0x8C2F,   0x8C2F,   0x8C0F,   0x8C0F,   0x8C0F,   0x8C0E,   0x83EE,   0x83EE,   0x83CE,   0x62EB,   0x5229,   0x49E7,
  0x8246,   0x9AA7,   0x9AC7,   0x9AA6,   0x9AA6,   0x9AA6,   0x9AA6,   0x9A86,   0x9A86,   0x9A65,   0x8A03,   0x9B49,
  0xAC90,   0xA46F,   0xA44F,   0xA44F,   0xA44F,   0x9C4F,   0x9C2F,   0xA470,   0x534F,   0x01CD,   0x0A0E,   0x0A0E,
  0x01CD,   0x636F,   0xA46F,   0x9C70,   0x6AEB,   0x29E7,   0x1988,   0x1168,   0x3A88,   0x5308,   0x6349,   0x6B49,
  0x7B49,   0x8C0E,   0x9491,   0x8C91,   0x9491,   0x9471,   0x94B2,   0x9CD2,   0x7C10,   0x8C91,   0x9CD2,   0x9CD2,
  0x9CF3,   0x9CF3,   0x9D13,   0xA513,   0xA514,   0xA534,   0xA534,   0xA554,   0xA575,   0xAD75,   0xAD95,   0xADB6,
  0xB5B6,   0xB5D6,   0xB5F7,   0xBDF7,   0xBE17,   0xBE37,   0xC638,   0xC658,   0xC658,   0xC679,   0xCE79,   0xCE99,
  0xCE99,   0xCE99,   0xCEBA,   0xD6BA,   0xD6BA,   0xD6BA,   0xD6DA,   0xD6DA,   0xAD13,   0xAD13,   0xAD13,   0xAD13,
  0xAD13,   0xAD13,   0xAD13,   0xAD13,   0xAD12,   0xACF2,   0xACF2,   0xA4F2,   0xA4F2,   0xA4F2,   0xA4F2,   0xA4F2,
  0xA4F2,   0xA4D2,   0xA4D2,   0xA4D2,   0xA4D2,   0xA4D1,   0xA4D1,   0x9CB1,   0x9CB1,   0x9CB1,   0x9C91,   0x9C91,
  0x9C90,   0x9C70,   0x9470,   0x9470,   0x9470,   0x9470,   0x9450,   0x944F,   0x944F,   0x942F,   0x8C2F,   0x8C2F,
  0x8C0F,   0x8C0F,   0x8C0F,   0x7BAD,   0x5248,   0x41A6,   0x41A6,   0x3945,   0x51A5,   0xA2E8,   0x9AA7,   0x9AA6,
  0x9A86,   0x9A86,   0x9AA6,   0x9AA6,   0x9AA6,   0x9AA6,   0x9A85,   0x9224,   0x92E8,   0xA3CC,   0xA42E,   0xA46F,
  0xA490,   0xA48F,   0xA46F,   0xA46F,   0x4B0E,   0x01ED,   0x120E,   0x0A0E,   0x09ED,   0x83CF,   0xA46F,   0x9C4F,
  0x69E6,   0x10C5,   0x0948,   0x2988,   0x6A07,   0x7A46,   0x8A87,   0x9286,   0x9309,   0x9450,   0x8C71,   0x8C71,
  0x9471,   0x9491,   0x9491,   0x9491,   0x9CD2,   0x94B2,   0x94B2,   0x94B2,   0x9CD2,   0x9CD2,   0x9CD2,   0x9CF2,
  0x9CF2,   0x9CF3,   0x9CF3,   0xA513,   0xA533,   0xA534,   0xA554,   0xAD54,   0xAD74,   0xAD95,   0xB595,   0xB5B5,
  0xB5B5,   0xB5B6,   0xBDD6,   0xBDD6,   0xBDF6,   0xBDF6,   0xBDF6,   0xC616,   0xC617,   0xC617,   0xC637,   0xC637,
  0xC637,   0xC637,   0xCE57,   0xCE37,   0xAD13,   0xAD13,   0xAD13,   0xAD13,   0xAD13,   0xAD13,   0xAD13,   0xAD13,
  0xAD13,   0xAD12,   0xAD12,   0xACF2,   0xA4F2,   0xA4F2,   0xA4F2,   0xA4F2,   0xA4F2,   0xA4D2,   0xA4D2,   0xA4D2,
  0xA4D2,   0xA4D1,   0xA4B1,   0x9CB1,   0x9CB1,   0x9C91,   0x9C90,   0x9C90,   0x9C90,   0x9470,   0x9470,   0x9470,
  0x9470,   0x9470,   0x9470,   0x9450,   0x944F,   0x944F,   0x944F,   0x8C2F,   0x8C2F,   0x8C0F,   0x83EE,   0x4A07,
  0x3103,   0x3103,   0x3103,   0x20C3,   0x51A5,   0xA2C7,   0x9A86,   0x9A86,   0x9A86,   0xA2A6,   0xA2A6,   0xA2A6,
  0xA2A6,   0xA2A6,   0x9AA6,   0x9A85,   0x9224,   0x8A03,   0x8A24,   0x8A66,   0x8AE9,   0x836C,   0x83CE,   0x8C0E,
  0x32AE,   0x0A2F,   0x122F,   0x020E,   0x32AE,   0x9C4F,   0x9C4F,   0x8AE9,   0x7983,   0x3125,   0x0948,   0x21A9,
  0x8A46,   0x9266,   0x9A87,   0x9A86,   0x936B,   0x840F,   0x840E,   0x840F,   0x8C0F,   0x8C0F,   0x8C2F,   0x8C2F,
  0x8C2F,   0x8C2F,   0x8C4F,   0x8C4F,   0x9450,   0x9470,   0x9470,   0x9470,   0x9491,   0x9491,   0x9CB1,   0x9CB1,
  0x9CD1,   0x9CD1,   0x9CF2,   0xA4F2,   0xA512,   0xA533,   0xAD33,   0xAD34,   0xAD54,   0xAD74,   0xAD74,   0xB594,
  0xB594,   0xB595,   0xB5B5,   0xBDB5,   0xBDB5,   0xBDD5,   0xBDD5,   0xBDF6,   0xBDF6,   0xC5F6,   0xC5F6,   0xC616,
  0xAD13,   0xAD13,   0xAD33,   0xAD13,   0xAD13,   0xAD13,   0xAD13,   0xAD13,   0xAD13,   0xAD12,   0xACF2,   0xACF2,
  0xA4F2,   0xA4F2,   0xA4F2,   0xA4F2,   0xA4F2,   0xA4F2,   0xA4F2,   0xA4D2,   0xA4D1,   0xA4B1,   0x9CB1,   0x9CB1,
  0x9C90,   0x9C90,   0x9C90,   0x9C90,   0x9C90,   0x9C90,   0x9470,   0x9470,   0x9470,   0x9470,   0x9470,   0x9470,
  0x9450,   0x944F,   0x944F,   0x9450,   0x944F,   0x9470,   0x6B2B,   0x3144,   0x3965,   0x3965,   0x3965,   0x3965,
  0x8A87,   0xA2A6,   0xA286,   0xA2A6,   0xA2A6,   0xA2A6,   0xA2A6,   0xA2A6,   0xA2A6,   0xA2A6,   0xA2A6,   0xA2A6,
  0x9AA6,   0x9A65,   0x9224,   0x89E3,   0x7983,   0x3146,   0x1948,   0x3187,   0x198A,   0x1948,   0x2168,   0x39EB,
  0x7207,   0x8246,   0x7A05,   0x79C4,   0x81C3,   0x4944,   0x0948,   0x19AA,   0x8227,   0x9A46,   0x9246,   0x9309,
  0x8BEE,   0x840E,   0x8C0E,   0x8C0F,   0x8C2F,   0x8C2F,   0x8C2F,   0x8C50,   0x9450,   0x9470,   0x9470,   0x9491,
  0x9491,   0x9491,   0x9CB1,   0x9CB2,   0x9CD2,   0x9CD2,   0x9CF2,   0x9CF2,   0x9CF2,   0xA513,   0xA513,   0xA513,
  0xA533,   0xA534,   0xAD54,   0xAD54,   0xAD74,   0xAD74,   0xAD74,   0xB595,   0xB595,   0xB595,   0xB5B5,   0xB5B5,
  0xBDD6,   0xBDD6,   0xBDD6,   0xBDD6,   0xBDF6,   0xBDF6,   0xC5F6,   0xC5F6,   0xAD33,   0xAD33,   0xAD33,   0xAD13,
  0xAD13,   0xAD13,   0xAD13,   0xAD13,   0xAD13,   0xAD13,   0xAD12,   0xAD12,   0xAD12,   0xA4F2,   0xA4F2,   0xA4F2,
  0xA4F2,   0xA4F2,   0xA4F2,   0xA4D1,   0xA4D1,   0xA4B1,   0x9CB1,   0x9C90,   0x9C90,   0x9C90,   0x9C90,   0x9C90,
  0x9C70,   0x9C70,   0x9C70,   0x9C70,   0x9C6F,   0x9C6F,   0x9C6F,   0x9C6F,   0x9C70,   0x9C70,   0x944F,   0x8C0E,
  0x83CD,   0x736C,   0x5A69,   0x4A08,   0x5228,   0x5228,   0x49E8,   0x8267,   0xA2A6,   0xA286,   0xA286,   0xA286,
  0xA286,   0xA286,   0xA286,   0xA2A6,   0xA2A6,   0xA2A6,   0xA2C6,   0xA2C6,   0xA2C6,   0xA2A6,   0x9A86,   0x9265,
  0x9246,   0x5185,   0x18A3,   0x1881,   0x1861,   0x1861,   0x2081,   0x38E2,   0x5923,   0x6943,   0x7963,   0x7984,
  0x81A4,   0x6964,   0x1148,   0x19AA,   0x71A6,   0x89E5,   0x8B0A,   0x9430,   0x8C70,   0x9471,   0x9471,   0x9471,
  0x9491,   0x9491,   0x9491,   0x9491,   0x9491,   0x94B2,   0x94B2,   0x94B2,   0x9CB2,   0x9CD2,   0x9CD2,   0x9CD2,
  0x9CD2,   0x9CF2,   0x9CF3,   0x9CF3,   0xA513,   0xA513,   0xA513,   0xA533,   0xA534,   0xA534,   0xAD34,   0xAD54,
  0xAD54,   0xAD74,   0xAD75,   0xB575,   0xB595,   0xB595,   0xB595,   0xB5B5,   0xB5B5,   0xB5B6,   0xBDD6,   0xBDD6,
  0xBDD6,   0xBDD6,   0xBDF6,   0xC5F6,   0xAD33,   0xAD33,   0xAD33,   0xAD33,   0xAD33,   0xAD33,   0xAD13,   0xAD13,
  0xAD12,   0xAD12,   0xAD12,   0xAD12,   0xAD12,   0xAD12,   0xACF2,   0xA4F2,   0xA4F2,   0xA4F2,   0xA4D1,   0xA4D1,
  0xA4B1,   0xA4B0,   0x9C90,   0x9C90,   0x9C90,   0x9C90,   0x9C6F,   0x9C6F,   0x9C6F,   0x9C6F,   0x9C6F,   0x9C6F,
  0x9C6F,   0x9C6F,   0x9C6F,   0x9C90,   0x940E,   0x7B6C,   0x62EB,   0x5A89,   0x5248,   0x4A08,   0x4A08,   0x4A08,
  0x4A08,   0x49E7,   0x7A47,   0x9A65,   0x9224,   0x9A45,   0xA266,   0xA246,   0xA245,   0xA246,   0xA286,   0xA2A6,
  0xA2A6,   0xA2C6,   0xA2C6,   0xA2C6,   0xA2C6,   0xA2C6,   0xA2A6,   0x9A86,   0x9AA7,   0x7A06,   0x1041,   0x1882,
  0x20A2,   0x20A2,   0x1882,   0x1882,   0x20A2,   0x28E3,   0x38E3,   0x4924,   0x5944,   0x6164,   0x2147,   0x118A,
  0x730C,   0x93EE,   0x9471,   0x9471,   0x9471,   0x9471,   0x9471,   0x9471,   0x9491,   0x9491,   0x9491,   0x9491,
  0x9491,   0x94B2,   0x94B2,   0x9CB2,   0x9CD2,   0x9CD2,   0x9CD2,   0x9CD2,   0x9CF2,   0x9CF3,   0x9CF3,   0xA4F3,
  0xA513,   0xA513,   0xA513,   0xA533,   0xA533,   0xA534,   0xAD34,   0xAD54,   0xAD54,   0xAD54,   0xAD74,   0xAD75,
  0xB575,   0xB595,   0xB595,   0xB595,   0xB5B5,   0xB5B6,   0xB5B6,   0xBDB6,   0xBDD6,   0xBDD6,   0xBDD6,   0xBDF6,
  0xACF2,   0xACF2,   0xACF1,   0xACF1,   0xACF1,   0xACF1,   0xACD1,   0xA4D1,   0xACD1,   0xACD1,   0xA4D1,   0xA4D1,
  0xA4D1,   0xA4D1,   0xA4D1,   0xA4D1,   0xA4D1,   0xA4D1,   0xA4D1,   0xA4D1,   0xA4D1,   0xA4D1,   0xA4B1,   0xA4B1,
  0xA4B1,   0xA4B1,   0xA4B1,   0xA4B1,   0xA4B1,   0x9CB1,   0x9CB1,   0x9CB1,   0x9CB1,   0xA4D1,   0x9CB1,   0x83AD,
  0x62AA,   0x5269,   0x5249,   0x5228,   0x5228,   0x49C7,   0x49C7,   0x49E7,   0x49E7,   0x7A26,   0xA2A6,   0xA286,
  0x9225,   0x91E4,   0x91E4,   0x91E4,   0x9A25,   0xA266,   0xA286,   0xA2A6,   0xA2A6,   0xA2C6,   0xA2C6,   0xA2C7,
  0xA2C7,   0xA2C6,   0xA2C6,   0x9AA6,   0xA2C7,   0x5984,   0x1041,   0x2082,   0x1882,   0x1882,   0x1861,   0x1061,
  0x1061,   0x1061,   0x1061,   0x1882,   0x20E3,   0x2903,   0x3166,   0x52EC,   0x8C71,   0x8C51,   0x8C51,   0x9471,
  0x9471,   0x9471,   0x9491,   0x9491,   0x9491,   0x9491,   0x9491,   0x9492,   0x94B2,   0x94B2,   0x9CB2,   0x9CD2,
  0x9CD2,   0x9CD2,   0x9CD2,   0x9CF2,   0x9CF2,   0x9CF3,   0x9CF3,   0xA4F3,   0xA513,   0xA513,   0xA513,   0xA533,
  0xA533,   0xA534,   0xA534,   0xAD34,   0xAD54,   0xAD54,   0xAD54,   0xAD75,   0xAD75,   0xB575,   0xB595,   0xB595,
  0xB595,   0xB5B5,   0xB5B6,   0xB5B6,   0xBDB6,   0xBDD6,   0xBDD6,   0xBDD6,   0xACD1,   0xACD1,   0xACD1,   0xA4D1,
  0xACD1,   0xACF1,   0xACF1,   0xACF2,   0xACF2,   0xACF2,   0xACF2,   0xACF2,   0xACF2,   0xACF2,   0xACF2,   0xACF2,
  0xACF2,   0xA4F2,   0xA4F2,   0xA4F2,   0xA4F2,   0xA4F2,   0xA4D2,   0xA4D2,   0xA4D2,   0xA4D2,   0xA4D2,   0xA4D2,
  0xA4D2,   0xA4D2,   0xA4D2,   0x9CD2,   0xA4F2,   0x9471,   0x6AEB,   0x5208,   0x4A07,   0x5207,   0x5228,   0x5228,
  0x49E7,   0x41A6,   0x41A6,   0x41A6,   0x7247,   0xA245,   0x9A45,   0xA286,   0xA266,   0xA246,   0x9A46,   0xA246,
  0xA266,   0xA266,   0xA266,   0xA286,   0xA2A6,   0xA2C6,   0xA2C7,   0xA2E7,   0xA2C7,   0xA2C7,   0xA2C6,   0xAAE7,
  0x7205,   0x0820,   0x1061,   0x1882,   0x20A2,   0x20A2,   0x20A2,   0x20A2,   0x20A2,   0x20A2,   0x20A2,   0x20C3,
  0x2904,   0x3124,   0x3124,   0x62EB,   0x8C50,   0x8C50,   0x8C51,   0x9471,   0x9471,   0x9471,   0x9491,   0x9491,
  0x9491,   0x9491,   0x9492,   0x94B2,   0x9CB2,   0x9CB2,   0x9CB2,   0x9CD2,   0x9CD2,   0x9CD2,   0x9CD2,   0x9CF3,
  0x9CF3,   0x9CF3,   0x9CF3,   0xA4F3,   0xA513,   0xA513,   0xA513,   0xA513,   0xA533,   0xA534,   0xA534,   0xAD34,
  0xAD54,   0xAD54,   0xAD54,   0xAD74,   0xAD75,   0xAD75,   0xB575,   0xB595,   0xB595,   0xB595,   0xB5B5,   0xB5B6,
  0xB5B6,   0xBDB6,   0xBDD6,   0xBDD6,   0xACF2,   0xAD12,   0xAD12,   0xAD12,   0xAD12,   0xAD12,   0xAD12,   0xAD12,
  0xAD12,   0xAD12,   0xAD12,   0xAD12,   0xAD12,   0xAD12,   0xAD12,   0xAD12,   0xACF3,   0xACF2,   0xA4F2,   0xA4F2,
  0xA4F2,   0xA4F2,   0xA4D2,   0xA4D2,   0xA4D2,   0xA4F2,   0xA4F2,   0xA4F2,   0xA4F2,   0xA4D2,   0xA4F2,   0xAD13,
  0x9450,   0x62AA,   0x5208,   0x5A49,   0x5208,   0x49C6,   0x49E7,   0x49C7,   0x4A08,   0x5208,   0x49E8,   0x5A07,
  0xA2A7,   0x9A45,   0x9A24,   0x9A45,   0xA266,   0xAA66,   0xAA46,   0xA246,   0xA246,   0xA246,   0xA266,   0xA286,
  0xA2A6,   0xA2C7,   0xA2C7,   0xA2E7,   0xA2E7,   0xA2C7,   0xA2C6,   0xA2C7,   0x3903,   0x1041,   0x1882,   0x18A2,
  0x20C2,   0x20E3,   0x28E3,   0x2904,   0x3124,   0x3124,   0x3144,   0x3945,   0x3945,   0x3945,   0x3945,   0x41A6,
  0x6B0B,   0x8C30,   0x9471,   0x9471,   0x9471,   0x9491,   0x9491,   0x9491,   0x9491,   0x9491,   0x94B2,   0x9CB2,
  0x9CB2,   0x9CB2,   0x9CB2,   0x9CD2,   0x9CD2,   0x9CD2,   0x9CD2,   0x9CF3,   0x9CF3,   0x9CF3,   0x9CF3,   0xA4F3,
  0xA513,   0xA513,   0xA513,   0xA513,   0xA533,   0xA534,   0xA534,   0xAD34,   0xAD34,   0xAD54,   0xAD54,   0xAD54,
  0xAD54,   0xAD75,   0xAD75,   0xB575,   0xB595,   0xB595,   0xB595,   0xB595,   0xB5B6,   0xB5B6,   0xBDB6,   0xBDD6,
  0xAD13,   0xAD13,   0xAD13,   0xAD13,   0xAD13,   0xAD13,   0xAD13,   0xAD13,   0xAD13,   0xAD13,   0xAD13,   0xAD13,
  0xAD13,   0xAD13,   0xAD13,   0xAD13,   0xACF3,   0xACF3,   0xACF3,   0xACF3,   0xA4F2,   0xA4F2,   0xA4F2,   0xA4F2,
  0xA4F2,   0xA4F2,   0xA4F2,   0xA4F2,   0xA4F2,   0xAD13,   0xA4D2,   0x83CE,   0x5A69,   0x49E7,   0x5208,   0x5A6A,
  0x5269,   0x3945,   0x3103,   0x49C6,   0x49E7,   0x41C7,   0x3986,   0x7206,   0xAAA6,   0x9A45,   0x9A24,   0x9A24,
  0x9A04,   0xA205,   0x9A05,   0x9A05,   0x9A25,   0xA246,   0xA286,   0xA2A6,   0xA2A7,   0xA2C7,   0xA2C7,   0xA2C7,
  0xA2C6,   0xAAC6,   0x9AA7,   0x4943,   0x1882,   0x1882,   0x18A2,   0x20C2,   0x20E3,   0x20E3,   0x28E3,   0x2903,
  0x2904,   0x3124,   0x3124,   0x3945,   0x3945,   0x3965,   0x3965,   0x3965,   0x49E7,   0x62CA,   0x8C30,   0x9471,
  0x9471,   0x9491,   0x9491,   0x9491,   0x9491,   0x94B1,   0x94B2,   0x9CB2,   0x9CB2,   0x9CB2,   0x9CD2,   0x9CD2,
  0x9CD2,   0x9CD2,   0x9CF3,   0x9CF3,   0x9CF3,   0x9CF3,   0x9CF3,   0xA4F3,   0xA513,   0xA513,   0xA513,   0xA513,
  0xA533,   0xA533,   0xAD33,   0xAD34,   0xAD34,   0xAD34,   0xAD54,   0xAD54,   0xAD54,   0xAD54,   0xAD74,   0xB575,
  0xB575,   0xB595,   0xB595,   0xB595,   0xB5B5,   0xB5B5,   0xB5B6,   0xBDB6,   0xAD13,   0xAD13,   0xAD13,   0xAD13,
  0xAD13,   0xAD13,   0xAD13,   0xAD13,   0xAD13,   0xAD13,   0xAD13,   0xAD13,   0xAD13,   0xAD13,   0xAD13,   0xAD13,
  0xAD13,   0xAD13,   0xAD13,   0xAD13,   0xACF3,   0xA4F2,   0xA4F2,   0xA4F2,   0xA4F2,   0xA4F2,   0xA4F2,   0xA4F2,
  0xAD13,   0x8C0F,   0x5A89,   0x49C6,   0x49A6,   0x49C6,   0x49E7,   0x5249,   0x5229,   0x3944,   0x1861,   0x3104,
  0x3124,   0x3104,   0x3104,   0x8A46,   0xAAA6,   0xA286,   0x9A45,   0x9A45,   0x9A25,   0x9A05,   0x9A05,   0x9A05,
  0xA246,   0xA266,   0xA286,   0xA2A6,   0xA2C7,   0xA2C7,   0xA2C7,   0xA2C6,   0xA2C6,   0xAAC6,   0x8A66,   0x1882,
  0x18A2,   0x18A2,   0x20A2,   0x20A2,   0x20C3,   0x20E3,   0x28E3,   0x28E3,   0x2903,   0x3124,   0x3124,   0x3144,
  0x3945,   0x3965,   0x3965,   0x3965,   0x49C7,   0x4A08,   0x7BAE,   0x9491,   0x9471,   0x9491,   0x9491,   0x9491,
  0x9491,   0x94B1,   0x9CB2,   0x9CB2,   0x9CB2,   0x9CB2,   0x9CD2,   0x9CD2,   0x9CD2,   0x9CD2,   0x9CF3,   0x9CF2,
  0x9CF3,   0x9CF3,   0xA4F3,   0xA4F3,   0xA513,   0xA513,   0xA513,   0xA513,   0xA533,   0xA533,   0xAD33,   0xAD33,
  0xAD34,   0xAD34,   0xAD54,   0xAD54,   0xAD54,   0xAD54,   0xAD74,   0xB575,   0xB575,   0xB575,   0xB595,   0xB595,
  0xB595,   0xB595,   0xB5B5,   0xBDB5,   0xAD13,   0xAD13,   0xAD13,   0xAD13,   0xAD13,   0xAD13,   0xAD13,   0xAD13,
  0xAD13,   0xAD13,   0xAD13,   0xAD13,   0xAD13,   0xAD13,   0xAD13,   0xAD13,   0xAD13,   0xAD13,   0xAD13,   0xAD13,
  0xAD13,   0xACF3,   0xA4F2,   0xA4F2,   0xA4F2,   0xA4F2,   0xA4F2,   0xA513,   0x9C91,   0x5248,   0x49C6,   0x49C6,
  0x49C6,   0x49C6,   0x49E7,   0x5208,   0x5249,   0x4186,   0x28A2,   0x20A2,   0x3104,   0x2904,   0x4144,   0xA286,
  0xA266,   0xA286,   0xA266,   0xA246,   0xA246,   0x9A46,   0x9A45,   0xA246,   0xA266,   0xAA86,   0xA286,   0xA2A7,
  0xA2C6,   0xAAC7,   0xA2C7,   0xA2C6,   0xA2C6,   0xAAC6,   0x9266,   0x20A2,   0x18A2,   0x20A2,   0x20A2,   0x20C3,
  0x20C3,   0x28E3,   0x28E3,   0x2903,   0x2903,   0x3104,   0x3124,   0x3124,   0x3944,   0x3945,   0x3965,   0x3945,
  0x41C6,   0x5208,   0x6B2B,   0x9491,   0x9471,   0x9491,   0x9491,   0x9491,   0x9491,   0x94B1,   0x9CB2,   0x9CB2,
  0x9CB2,   0x9CD2,   0x9CD2,   0x9CD2,   0x9CD2,   0x9CD2,   0x9CF2,   0x9CF2,   0xA4F3,   0xA4F3,   0xA4F3,   0xA4F3,
  0xA513,   0xA513,   0xA513,   0xA513,   0xA533,   0xA533,   0xAD33,   0xAD33,   0xAD33,   0xAD33,   0xAD34,   0xAD54,
  0xAD54,   0xAD54,   0xAD54,   0xAD74,   0xB574,   0xB574,   0xB575,   0xB595,   0xB595,   0xB595,   0xB595,   0xB5B5,
  0xAD13,   0xAD13,   0xAD13,   0xAD13,   0xAD13,   0xAD13,   0xAD13,   0xAD13,   0xAD13,   0xAD13,   0xAD13,   0xAD13,
  0xAD13,   0xAD13,   0xAD13,   0xAD13,   0xAD13,   0xAD13,   0xAD13,   0xAD13,   0xAD13,   0xAD13,   0xA4F2,   0xA4F2,
  0xA4F2,   0xA4F2,   0xA4F2,   0xAD13,   0x8C0F,   0x49E7,   0x49E7,   0x49C6,   0x49C6,   0x49C6,   0x49C6,   0x5208,
  0x5A6A,   0x41C7,   0x28E3,   0x1881,   0x28E3,   0x28E4,   0x4964,   0xA286,   0xA266,   0xA245,   0xA266,   0xAA86,
  0xAA66,   0xA246,   0xA266,   0xAA86,   0xA266,   0xA266,   0xA286,   0xAAC6,   0xA2C6,   0xAAC7,   0xAAC6,   0xA286,
  0x9245,   0x8A25,   0x5164,   0x1882,   0x20A2,   0x20C3,   0x20C3,   0x20C3,   0x28E3,   0x28E3,   0x28E3,   0x28E3,
  0x28E3,   0x3104,   0x3124,   0x3124,   0x3944,   0x3944,   0x3965,   0x4185,   0x41A6,   0x49E7,   0x62AA,   0x9451,
  0x9491,   0x9491,   0x9491,   0x9491,   0x94B1,   0x9CB2,   0x9CB2,   0x9CB2,   0x9CD2,   0x9CD2,   0x9CD2,   0x9CD2,
  0x9CD2,   0x9CF2,   0xA4F3,   0x9CF2,   0xA4F3,   0xA4F3,   0xA4F3,   0xA4F3,   0xA4F3,   0xA513,   0xA513,   0xA513,
  0xA533,   0xA533,   0xAD33,   0xAD33,   0xAD33,   0xAD33,   0xAD34,   0xAD54,   0xAD54,   0xAD54,   0xAD54,   0xAD54,
  0xAD74,   0xB574,   0xB574,   0xB575,   0xB575,   0xB595,   0xB595,   0xB595,   0xAD33,   0xAD13,   0xAD13,   0xAD33,
  0xAD13,   0xAD33,   0xAD33,   0xAD13,   0xAD33,   0xAD13,   0xAD33,   0xAD13,   0xAD13,   0xAD13,   0xAD13,   0xAD13,
  0xAD13,   0xAD13,   0xAD13,   0xAD13,   0xAD13,   0xAD13,   0xACF3,   0xACF3,   0xA4F2,   0xA4F2,   0xA4F2,   0xA4F2,
  0x736D,   0x49E7,   0x49E7,   0x49C6,   0x49E7,   0x49E7,   0x49C6,   0x5207,   0x5249,   0x3965,   0x28E3,   0x1882,
  0x28C3,   0x28E3,   0x3924,   0x9A66,   0xA266,   0xA245,   0xA225,   0xA225,   0xA245,   0xAA65,   0xA245,   0xA225,
  0xA225,   0xA286,   0xAAC6,   0xAAC6,   0xAAC6,   0xA286,   0xA2A6,   0x9A66,   0x4903,   0x20A2,   0x18A2,   0x20A2,
  0x20A2,   0x20A2,   0x20C3,   0x28E3,   0x28E3,   0x28E3,   0x28E3,   0x28E3,   0x3104,   0x3124,   0x3144,   0x3144,
  0x3144,   0x3965,   0x49C7,   0x41A6,   0x3965,   0x49C7,   0x5269,   0x8C0F,   0x9491,   0x9491,   0x9491,   0x9492,
  0x9492,   0x9CB2,   0x9CB2,   0x9CD2,   0x9CD2,   0x9CD2,   0x9CD2,   0x9CD2,   0x9CD2,   0x9CF2,   0xA4F3,   0xA4F3,
  0xA4F3,   0xA4F3,   0xA4F3,   0xA513,   0xA513,   0xA513,   0xA513,   0xA513,   0xA533,   0xA533,   0xAD33,   0xAD33,
  0xAD33,   0xAD33,   0xAD34,   0xAD54,   0xAD54,   0xAD54,   0xAD54,   0xAD54,   0xAD54,   0xAD74,   0xB574,   0xB574,
  0xB574,   0xB575,   0xB595,   0xB595,   0xAD33,   0xAD13,   0xAD13,   0xAD33,   0xAD33,   0xAD33,   0xAD33,   0xAD33,
  0xAD33,   0xAD33,   0xAD33,   0xAD33,   0xAD33,   0xAD13,   0xAD33,   0xAD13,   0xAD13,   0xAD13,   0xAD13,   0xAD13,
  0xAD13,   0xAD13,   0xAD13,   0xA4F2,   0xA4F2,   0xA4F2,   0xACF3,   0x9470,   0x5A8A,   0x5207,   0x5207,   0x51E7,
  0x51E7,   0x49E7,   0x49C6,   0x5228,   0x5229,   0x3965,   0x28E3,   0x28C2,   0x3104,   0x3104,   0x2903,   0x8205,
  0xAA66,   0xA246,   0xA225,   0x9A04,   0x9A04,   0x9A04,   0x9A05,   0xA225,   0xA286,   0xAAC6,   0xAAC6,   0xAAC6,
  0xAAC6,   0x9A44,   0xA285,   0xAA86,   0x4104,   0x18A2,   0x20A2,   0x20A2,   0x20C3,   0x20C3,   0x20C3,   0x28C3,
  0x28E3,   0x28E3,   0x28E3,   0x3104,   0x3124,   0x3924,   0x3144,   0x3944,   0x3985,   0x41A6,   0x4186,   0x3965,
  0x4185,   0x41A6,   0x5208,   0x7BAE,   0x9491,   0x9491,   0x9C91,   0x94B1,   0x9CB2,   0x9CB2,   0x9CB2,   0x9CD2,
  0x9CD2,   0x9CD2,   0x9CD2,   0x9CD2,   0x9CF2,   0xA4F3,   0xA4F3,   0xA4F3,   0xA4F3,   0xA4F3,   0xA4F3,   0xA513,
  0xA513,   0xA513,   0xA513,   0xA513,   0xA513,   0xA533,   0xAD33,   0xAD33,   0xAD33,   0xAD33,   0xAD34,   0xAD34,
  0xAD34,   0xAD54,   0xAD54,   0xAD54,   0xAD54,   0xB554,   0xB554,   0xB574,   0xB574,   0xB574,   0xB595,   0xB595,
  0xAD33,   0xAD33,   0xAD33,   0xAD33,   0xAD33,   0xAD33,   0xAD33,   0xAD33,   0xAD33,   0xAD33,   0xAD33,   0xAD33,
  0xAD13,   0xAD33,   0xAD33,   0xAD33,   0xAD33,   0xAD13,   0xAD13,   0xAD13,   0xAD13,   0xAD13,   0xAD13,   0xA4F2,
  0xA4F2,   0xA4F2,   0xA4F2,   0x83CE,   0x5228,   0x5228,   0x5A49,   0x5A49,   0x5A69,   0x5A49,   0x5249,   0x5229,
  0x49E7,   0x41A6,   0x2904,   0x28C2,   0x3924,   0x3924,   0x3104,   0x5984,   0xAA66,   0xA225,   0xA246,   0xA246,
  0xA225,   0xA245,   0xA266,   0xAAA6,   0xAAA6,   0xAAA6,   0xAAA6,   0xAAC6,   0xAAC6,   0x9204,   0x9245,   0x71C4,
  0x28C3,   0x20C2,   0x20C2,   0x20C3,   0x20C3,   0x28C3,   0x28E3,   0x28E3,   0x28E3,   0x3104,   0x3104,   0x3103,
  0x3124,   0x3124,   0x3944,   0x4186,   0x4186,   0x3945,   0x3945,   0x4185,   0x4185,   0x4185,   0x49E7,   0x734C,
  0x9491,   0x9491,   0x9C91,   0x9C91,   0x9CB2,   0x9CB2,   0x9CB2,   0x9CD2,   0x9CD2,   0x9CD2,   0x9CD2,   0x9CF2,
  0xA4F3,   0xA4F3,   0xA4F3,   0xA4F3,   0xA4F3,   0xA4F3,   0xA513,   0xA513,   0xA513,   0xA513,   0xA513,   0xA513,
  0xA513,   0xA533,   0xAD33,   0xAD33,   0xAD33,   0xAD33,   0xAD33,   0xAD34,   0xAD34,   0xAD34,   0xAD54,   0xAD54,
  0xAD54,   0xAD54,   0xAD54,   0xB554,   0xB574,   0xB574,   0xB574,   0xB575,   0xAD33,   0xAD33,   0xAD33,   0xAD33,
  0xAD33,   0xAD33,   0xAD33,   0xAD33,   0xAD33,   0xAD33,   0xAD33,   0xAD33,   0xAD33,   0xAD33,   0xAD33,   0xAD33,
  0xAD33,   0xAD33,   0xAD13,   0xAD13,   0xAD13,   0xAD13,   0xAD13,   0xA4F2,   0xA4F2,   0xA4F2,   0xA4D2,   0x732C,
  0x49C6,   0x49C6,   0x49C6,   0x49C7,   0x51E7,   0x5228,   0x5229,   0x41A6,   0x3945,   0x3986,   0x2904,   0x28C2,
  0x3924,   0x3924,   0x3123,   0x3986,   0x8268,   0xAA25,   0x9A05,   0xA245,   0xAA66,   0xAA86,   0xAA86,   0xA285,
  0xAA86,   0xAAC6,   0xAAC6,   0xAAC6,   0xA2A6,   0x9205,   0x5144,   0x20A2,   0x20C3,   0x20C3,   0x20C3,   0x20C3,
  0x28C3,   0x28C3,   0x28E3,   0x2903,   0x3103,   0x3103,   0x3104,   0x3104,   0x3104,   0x3945,   0x4186,   0x4165,
  0x3924,   0x3944,   0x3945,   0x4165,   0x4165,   0x4165,   0x49C7,   0x6B2C,   0x9491,   0x9491,   0x9C91,   0x9CB2,
  0x9CB2,   0x9CB2,   0x9CB2,   0x9CD2,   0x9CD2,   0x9CD2,   0x9CD2,   0x9CF2,   0xA4F3,   0xA4F3,   0xA4F3,   0xA4F3,
  0xA513,   0xA513,   0xA513,   0xA513,   0xA513,   0xA513,   0xA513,   0xA513,   0xA513,   0xAD33,   0xAD33,   0xAD33,
  0xAD33,   0xAD33,   0xAD34,   0xAD34,   0xAD34,   0xAD54,   0xAD54,   0xAD54,   0xAD54,   0xAD54,   0xAD54,   0xB554,
  0xB554,   0xB574,   0xB574,   0xB574,   0xAD33,   0xAD33,   0xAD33,   0xAD33,   0xAD33,   0xAD33,   0xAD33,   0xAD33,
  0xAD33,   0xAD33,   0xAD33,   0xAD33,   0xAD33,   0xAD33,   0xAD33,   0xAD33,   0xAD33,   0xAD33,   0xAD13,   0xAD13,
  0xAD13,   0xAD13,   0xAD13,   0xA4F2,   0xA4F2,   0xA4D2,   0x9C91,   0x6ACA,   0x49A6,   0x49C6,   0x49A6,   0x49A6,
  0x49C6,   0x51E7,   0x5A49,   0x3965,   0x3124,   0x3124,   0x20C3,   0x28E3,   0x3924,   0x3944,   0x3123,   0x3A09,
  0x3A4C,   0x8A26,   0xAA25,   0x9A05,   0x9A04,   0xA204,   0xA225,   0xA266,   0xAAA6,   0xAAC6,   0xAAC6,   0xA2A6,
  0xA2A5,   0x9206,   0x30E3,   0x20C3,   0x28C3,   0x28C3,   0x28C3,   0x28C3,   0x28C3,   0x28E3,   0x28E3,   0x28E3,
  0x30E3,   0x3104,   0x3104,   0x3924,   0x3965,   0x4186,   0x3945,   0x3924,   0x3924,   0x3944,   0x3945,   0x3965,
  0x3965,   0x4185,   0x49C7,   0x734D,   0x9491,   0x9491,   0x9C91,   0x9CB2,   0x9CB2,   0x9CB2,   0x9CB2,   0x9CB2,
  0x9CD2,   0x9CD2,   0xA4D2,   0xA4F3,   0xA4F3,   0xA4F3,   0xA4F3,   0xA513,   0xA513,   0xA4F3,   0xA513,   0xA513,
  0xA513,   0xA513,   0xA513,   0xA513,   0xAD13,   0xAD33,   0xAD33,   0xAD33,   0xAD33,   0xAD33,   0xAD33,   0xAD34,
  0xAD34,   0xAD34,   0xAD54,   0xAD54,   0xAD54,   0xAD54,   0xAD54,   0xAD54,   0xB554,   0xB554,   0xB554,   0xB574,
  0xAD33,   0xAD33,   0xAD33,   0xAD33,   0xAD33,   0xAD33,   0xAD33,   0xAD33,   0xAD33,   0xAD33,   0xAD33,   0xAD33,
  0xAD33,   0xAD34,   0xAD33,   0xAD33,   0xAD33,   0xAD33,   0xAD33,   0xAD13,   0xAD13,   0xAD13,   0xA513,   0xA4F2,
  0xA4D2,   0xA4D2,   0x9470,   0x6289,   0x49A6,   0x51C6,   0x49A6,   0x49A6,   0x49A6,   0x49C7,   0x49E7,   0x4186,
  0x3104,   0x20C2,   0x1882,   0x28E3,   0x3944,   0x3944,   0x3945,   0x428B,   0x2A8F,   0x31CA,   0x8206,   0xB266,
  0xAA46,   0xA246,   0xA286,   0xAAA6,   0xA2C6,   0xA2A6,   0xA285,   0x9A86,   0x9245,   0x5164,   0x20C3,   0x28C3,
  0x20C3,   0x20A2,   0x20A2,   0x28C3,   0x28E3,   0x28E3,   0x30E3,   0x30E3,   0x30E3,   0x3103,   0x3924,   0x4186,
  0x4186,   0x3944,   0x3103,   0x3924,   0x3944,   0x3944,   0x3945,   0x3965,   0x3965,   0x4186,   0x4A07,   0x7BAE,
  0x9491,   0x9491,   0x9C91,   0x9CB2,   0x9CB2,   0x9CB2,   0x9CB2,   0x9CD2,   0x9CD2,   0x9CD2,   0xA4D2,   0xA4D3,
  0xA4F3,   0xA4F3,   0xA4F3,   0xA513,   0xA513,   0xA513,   0xA513,   0xA513,   0xA513,   0xA513,   0xA513,   0xA513,
  0xAD13,   0xAD33,   0xAD33,   0xAD33,   0xAD33,   0xAD33,   0xAD33,   0xAD34,   0xAD34,   0xAD34,   0xAD34,   0xAD54,
  0xAD54,   0xAD54,   0xAD54,   0xAD54,   0xAD54,   0xB554,   0xB554,   0xB574,   0xB534,   0xAD33,   0xAD33,   0xAD33,
  0xAD33,   0xAD33,   0xAD33,   0xAD33,   0xAD33,   0xAD33,   0xAD33,   0xAD33,   0xAD33,   0xAD33,   0xAD33,   0xAD33,
  0xAD33,   0xAD33,   0xAD13,   0xAD13,   0xAD13,   0xAD13,   0xA513,   0xA4F2,   0xA4D2,   0xA4D2,   0x8C2F,   0x5A27,
  0x49A6,   0x51C6,   0x4986,   0x4165,   0x4165,   0x3944,   0x4165,   0x4165,   0x28C3,   0x2082,   0x20A2,   0x3124,
  0x3944,   0x3944,   0x39C8,   0x4AAB,   0x32AF,   0x2A6F,   0x31A9,   0x71E6,   0xA266,   0xAAA6,   0xAAC6,   0xAAA6,
  0xAAC5,   0x8A25,   0x4943,   0x4943,   0x30E3,   0x20C3,   0x28C3,   0x20A2,   0x20A2,   0x28E3,   0x28E3,   0x28C3,
  0x28E3,   0x28E3,   0x30E3,   0x28E3,   0x30E3,   0x3945,   0x4186,   0x3965,   0x3104,   0x3103,   0x3904,   0x3924,
  0x3944,   0x3944,   0x3945,   0x3965,   0x3965,   0x41A6,   0x5228,   0x83EF,   0x9492,   0x9C91,   0x9CB2,   0x9CB2,
  0x9CB2,   0x9CB2,   0x9CB2,   0x9CD2,   0x9CD2,   0xA4D2,   0xA4D2,   0xA4F3,   0xA4F3,   0xA4F3,   0xA4F3,   0xA4F3,
  0xA4F3,   0xA513,   0xA513,   0xA513,   0xA513,   0xA513,   0xA513,   0xAD13,   0xAD13,   0xAD33,   0xAD33,   0xAD33,
  0xAD33,   0xAD34,   0xAD34,   0xAD34,   0xAD34,   0xAD34,   0xAD54,   0xAD54,   0xAD54,   0xAD54,   0xAD54,   0xAD54,
  0xAD54,   0xAD54,   0xB554,   0xB554,   0xB534,   0xB534,   0xAD34,   0xB534,   0xB534,   0xAD33,   0xAD33,   0xAD33,
  0xAD33,   0xAD33,   0xAD33,   0xAD33,   0xAD33,   0xAD33,   0xAD33,   0xAD33,   0xAD33,   0xAD33,   0xAD13,   0xAD13,
  0xAD13,   0xAD13,   0xA513,   0xA4F2,   0xA4D2,   0xA4B1,   0x83CE,   0x51E6,   0x49A5,   0x49C6,   0x4185,   0x4185,
  0x4185,   0x41A6,   0x3924,   0x3124,   0x28C3,   0x28C3,   0x3124,   0x3944,   0x3944,   0x3944,   0x322C,   0x4ACB,
  0x42CB,   0x32F1,   0x32B0,   0x29EB,   0x39A9,   0x61C7,   0x8226,   0x8247,   0x8247,   0x4144,   0x20A3,   0x28E3,
  0x20C3,   0x28C3,   0x28C3,   0x28E3,   0x3144,   0x3985,   0x3945,   0x3924,   0x3104,   0x30E3,   0x30E3,   0x3103,
  0x4165,   0x4186,   0x3944,   0x3103,   0x3103,   0x3904,   0x3924,   0x3924,   0x3944,   0x3944,   0x3944,   0x4165,
  0x4165,   0x49C7,   0x62AA,   0x8C50,   0x9491,   0x9C91,   0x9CB2,   0x9CB2,   0x9CB2,   0x9CB2,   0x9CD2,   0x9CD2,
  0x9CD2,   0xA4D2,   0xA4F3,   0xA4F3,   0xA4F3,   0xA4F3,   0xA4F3,   0xA4F3,   0xA4F3,   0xA513,   0xA513,   0xA513,
  0xA513,   0xA513,   0xA513,   0xAD13,   0xAD13,   0xAD33,   0xAD33,   0xAD33,   0xAD33,   0xAD34,   0xAD34,   0xAD34,
  0xAD34,   0xAD34,   0xAD34,   0xAD34,   0xAD34,   0xAD54,   0xAD54,   0xAD54,   0xAD54,   0xAD54,   0xAD54,   0xAD54,
  0xB554,   0xB534,   0xB554,   0xB534,   0xB534,   0xAD34,   0xB534,   0xAD33,   0xAD33,   0xAD33,   0xAD33,   0xAD33,
  0xAD33,   0xAD33,   0xAD34,   0xAD33,   0xAD33,   0xAD33,   0xAD33,   0xAD13,   0xAD13,   0xAD13,   0xA4F3,   0xA4D2,
  0xA4B2,   0xA4B1,   0x7B6C,   0x4985,   0x51C6,   0x51E7,   0x49C6,   0x49E7,   0x49E7,   0x41A6,   0x3104,   0x3104,
  0x3124,   0x3124,   0x3944,   0x3945,   0x3924,   0x3987,   0x32AF,   0x3ACE,   0x5AE7,   0x42CB,   0x32F1,   0x32F0,
  0x2A8F,   0x2A4E,   0x2A0D,   0x322C,   0x2967,   0x20A2,   0x28E3,   0x28E3,   0x28E3,   0x28C3,   0x3104,   0x3145,
  0x3986,   0x4186,   0x3965,   0x3965,   0x4165,   0x4185,   0x3924,   0x3965,   0x4185,   0x3924,   0x3103,   0x3924,
  0x3904,   0x3103,   0x3924,   0x3924,   0x3944,   0x3944,   0x3964,   0x3965,   0x4165,   0x49E7,   0x732C,   0x9491,
  0x9491,   0x9CB2,   0x9CB2,   0x9CB2,   0x9CB2,   0x9CD2,   0x9CD2,   0x9CD2,   0xA4D2,   0xA4F3,   0xA4F3,   0xA4F3,
  0xA4F3,   0xA4F3,   0xA4F3,   0xA4F3,   0xA513,   0xA513,   0xA513,   0xA513,   0xA513,   0xAD13,   0xAD13,   0xAD13,
  0xAD13,   0xAD33,   0xAD33,   0xAD33,   0xAD33,   0xAD33,   0xAD34,   0xAD34,   0xAD34,   0xAD34,   0xAD34,   0xAD34,
  0xAD34,   0xAD54,   0xAD54,   0xAD54,   0xAD54,   0xAD54,   0xAD54,   0xB554,   0xB554,   0xB554,   0xB554,   0xB554,
  0xB534,   0xB534,   0xB534,   0xB534,   0xB534,   0xAD33,   0xAD33,   0xAD33,   0xAD33,   0xAD34,   0xAD33,   0xAD33,
  0xAD33,   0xAD33,   0xAD33,   0xAD13,   0xAD13,   0xAD13,   0xA4F3,   0xA4D2,   0x9CB1,   0x9CB1,   0x6ACA,   0x49A5,
  0x5207,   0x5A28,   0x5229,   0x49C7,   0x4165,   0x4185,   0x3924,   0x3945,   0x3965,   0x3965,   0x3965,   0x3945,
  0x3944,   0x3A2B,   0x32D0,   0x32F1,   0x5B0A,   0x6B05,   0x4289,   0x32AD,   0x32D0,   0x2AB0,   0x32AC,   0x3A49,
  0x20A2,   0x20A2,   0x28C3,   0x28E3,   0x28E3,   0x28E3,   0x3124,   0x3985,   0x41A6,   0x4186,   0x4185,   0x4165,
  0x4185,   0x49C6,   0x41A6,   0x4185,   0x3124,   0x3103,   0x3103,   0x3903,   0x3924,   0x3923,   0x3923,   0x3924,
  0x3944,   0x3944,   0x3965,   0x3944,   0x41A6,   0x5228,   0x7BAE,   0x9491,   0x9491,   0x9CB2,   0x9CB2,   0x9CB2,
  0x9CD2,   0x9CD2,   0x9CD2,   0xA4D2,   0xA4D2,   0xA4F3,   0xA4F3,   0xA4F3,   0xA4F3,   0xA4F3,   0xA4F3,   0xA513,
  0xA513,   0xA513,   0xA513,   0xA513,   0xA513,   0xA513,   0xAD13,   0xAD13,   0xAD13,   0xAD33,   0xAD33,   0xAD33,
  0xAD33,   0xAD33,   0xAD34,   0xAD34,   0xAD34,   0xAD34,   0xAD34,   0xAD34,   0xAD34,   0xAD34,   0xAD54,   0xAD54,
  0xAD54,   0xAD54,   0xB554,   0xB554,   0xB554,   0xB554,   0xB554,   0xB554,   0xB554,   0xB554,   0xB554,   0xAD34,
  0xB534,   0xB534,   0xAD34,   0xAD33,   0xAD34,   0xAD34,   0xAD33,   0xAD33,   0xAD33,   0xAD33,   0xAD13,   0xAD13,
  0xAD13,   0xAD13,   0xA4F2,   0xA4D2,   0x9CB1,   0x9C70,   0x6289,   0x5207,   0x5207,   0x5228,   0x51E7,   0x3944,
  0x4164,   0x4165,   0x3965,   0x4185,   0x4185,   0x4185,   0x3985,   0x3944,   0x3966,   0x328E,   0x32F1,   0x3B11,
  0x5B08,   0x7B44,   0x8365,   0x6B27,   0x5AE8,   0x52C8,   0x4ACA,   0x29A8,   0x1882,   0x20C3,   0x28E3,   0x28E3,
  0x28E3,   0x28E3,   0x3144,   0x3986,   0x3965,   0x4186,   0x4186,   0x4185,   0x4185,   0x41A6,   0x49C7,   0x49C6,
  0x3944,   0x3103,   0x3903,   0x3903,   0x3923,   0x3924,   0x3924,   0x3924,   0x3944,   0x3944,   0x3944,   0x4185,
  0x49C7,   0x5A89,   0x8C30,   0x9491,   0x9491,   0x9CB2,   0x9CB2,   0x9CB2,   0xA4D2,   0xA4D2,   0xA4D2,   0xA4F3,
  0xA4F3,   0xA4F3,   0xA4F3,   0xA4F3,   0xA4F3,   0xA4F3,   0xA4F3,   0xA513,   0xA513,   0xA513,   0xA513,   0xA513,
  0xA513,   0xAD13,   0xAD13,   0xAD13,   0xAD33,   0xAD33,   0xAD33,   0xAD33,   0xAD33,   0xAD33,   0xAD34,   0xAD34,
  0xAD34,   0xAD34,   0xAD34,   0xAD34,   0xAD34,   0xAD34,   0xAD34,   0xAD54,   0xAD34,   0xAD54,   0xB554,   0xB554,
  0xB554,   0xB554,   0xB554,   0xB554,   0xB554,   0xB554,   0xB554,   0xB534,   0xB534,   0xB534,   0xAD34,   0xAD33,
  0xAD33,   0xAD33,   0xAD33,   0xAD33,   0xAD33,   0xAD33,   0xAD13,   0xAD13,   0xAD13,   0xAD13,   0xA512,   0xA4D2,
  0x9CB1,   0x9450,   0x6269,   0x5207,   0x51E7,   0x5208,   0x49C7,   0x4164,   0x4144,   0x4165,   0x49A6,   0x49C6,
  0x41A6,   0x4185,   0x4185,   0x3944,   0x39A8,   0x32D0,   0x3311,   0x3B10,   0x52C7,   0x7B44,   0x7343,   0x8384,
  0x6328,   0x42EE,   0x32D0,   0x2126,   0x20A2,   0x20C3,   0x28E3,   0x28E3,   0x28E3,   0x28E3,   0x3145,   0x3965,
  0x3944,   0x4186,   0x49C7,   0x4186,   0x4186,   0x41A6,   0x49C6,   0x5208,   0x4185,   0x3103,   0x3923,   0x3923,
  0x3923,   0x3923,   0x3923,   0x3944,   0x4165,   0x4186,   0x41A6,   0x41A6,   0x49A6,   0x6B0B,   0x9491,   0x9491,
  0x9CB2,   0x9CB2,   0x9CB2,   0xA4D2,   0xA4D2,   0xA4D2,   0xA4D3,   0xA4F3,   0xA4F3,   0xA4F3,   0xA4F3,   0xA4F3,
  0xA513,   0xA513,   0xA513,   0xA513,   0xA513,   0xA513,   0xA513,   0xA513,   0xAD13,   0xAD13,   0xAD13,   0xAD33,
  0xAD33,   0xAD33,   0xAD33,   0xAD33,   0xAD33,   0xAD33,   0xAD33,   0xAD34,   0xAD34,   0xAD34,   0xAD34,   0xAD34,
  0xAD34,   0xAD34,   0xAD34,   0xAD33,   0xAD33,   0xAD54,   0xAD54,   0xAD54,   0xB554,   0xB554,   0xB554,   0xB554,
  0xB554,   0xB554,   0xB554,   0xB554,   0xB554,   0xB534,   0xAD33,   0xAD33,   0xAD33,   0xAD33,   0xAD33,   0xAD33,
  0xAD33,   0xAD33,   0xAD13,   0xAD13,   0xAD13,   0xAD13,   0xA513,   0xA4D2,   0xA4B1,   0x8C0F,   0x5227,   0x49C6,
  0x51E7,   0x5228,   0x41A6,   0x4144,   0x4144,   0x4165,   0x49A6,   0x49C7,   0x49E7,   0x49E7,   0x41A6,   0x3944,
  0x3A0A,   0x32D0,   0x3311,   0x3B11,   0x4AEB,   0x7B65,   0x7323,   0x7324,   0x3AEE,   0x2AF3,   0x2A8F,   0x20E4,
  0x20C3,   0x28E3,   0x28E3,   0x28E3,   0x3103,   0x28E3,   0x3104,   0x3924,   0x3944,   0x3965,   0x49C7,   0x41A6,
  0x4186,   0x41A6,   0x49C6,   0x51E7,   0x3944,   0x3103,   0x3924,   0x3924,   0x3944,   0x4165,   0x4186,   0x41A6,
  0x41A6,   0x41A6,   0x4185,   0x3965,   0x49C7,   0x83EF,   0x9491,   0x9C91,   0x9CB2,   0x9CB2,   0x9CB2,   0xA4D2,
  0xA4D2,   0xA4D2,   0xA4D3,   0xA4F3,   0xA4F3,   0xA4F3,   0xA4F3,   0xA4F3,   0xA513,   0xA513,   0xA513,   0xA513,
  0xA513,   0xA513,   0xA513,   0xAD13,   0xAD13,   0xAD13,   0xAD13,   0xAD33,   0xAD33,   0xAD33,   0xAD33,   0xAD33,
  0xAD33,   0xAD33,   0xAD33,   0xAD33,   0xAD34,   0xAD33,   0xAD34,   0xAD34,   0xAD34,   0xAD33,   0xAD33,   0xAD33,
  0xAD34,   0xAD54,   0xAD54,   0xAD54,   0xB574,   0xB554,   0xB554,   0xB554,   0xB554,   0xB554,   0xB554,   0xB554,
  0xB554,   0xB534,   0xB534,   0xAD33,   0xAD33,   0xAD33,   0xAD33,   0xAD33,   0xAD33,   0xAD33,   0xAD13,   0xAD13,
  0xAD13,   0xAD13,   0xA513,   0xA4D2,   0xA4B1,   0x83CE,   0x49C6,   0x51E7,   0x5208,   0x5229,   0x4186,   0x4165,
  0x4165,   0x4165,   0x49C6,   0x49E7,   0x49E7,   0x5208,   0x49E7,   0x41A6,   0x3A4C,   0x32F1,   0x3B11,   0x3B11,
  0x3B10,   0x530A,   0x7B65,   0x7347,   0x32F0,   0x2AF2,   0x326E,   0x28E3,   0x28E3,   0x28E3,   0x3124,   0x3124,
  0x3103,   0x28E3,   0x3104,   0x3124,   0x3924,   0x3944,   0x4186,   0x49C7,   0x49A6,   0x49A6,   0x49C7,   0x49C6,
  0x3124,   0x3944,   0x4165,   0x4185,   0x41A6,   0x41A6,   0x4186,   0x4185,   0x4165,   0x3964,   0x3944,   0x49A6,
  0x734C,   0x9471,   0x9C91,   0x9C92,   0x9CB2,   0x9CB2,   0x9CB2,   0xA4D2,   0xA4D2,   0xA4D2,   0xA4D3,   0xA4F3,
  0xA4F3,   0xA4F3,   0xA4F3,   0xA4F3,   0xA513,   0xA513,   0xAD13,   0xAD13,   0xAD13,   0xAD13,   0xAD13,   0xAD13,
  0xAD13,   0xAD13,   0xAD13,   0xAD13,   0xAD33,   0xAD33,   0xAD33,   0xAD33,   0xAD33,   0xAD33,   0xAD33,   0xAD34,
  0xAD33,   0xAD33,   0xAD34,   0xAD34,   0xAD34,   0xAD34,   0xAD33,   0xAD34,   0xAD33,   0xAD33,   0xAD54,   0xAD54,
  0xB554,   0xB554,   0xB574,   0xB554,   0xB554,   0xB554,   0xB554,   0xB554,   0xB554,   0xB554,   0xB554,   0xAD34,
  0xAD34,   0xAD34,   0xAD34,   0xAD34,   0xAD33,   0xAD33,   0xAD13,   0xAD13,   0xAD13,   0xAD13,   0xAD13,   0xA4D2,
  0xA4B1,   0x7B4C,   0x49A5,   0x51E7,   0x51E7,   0x5A28,   0x5208,   0x4185,   0x4185,   0x4185,   0x49C6,   0x5208,
  0x49E7,   0x49C7,   0x49E7,   0x41C7,   0x424C,   0x72AC,   0x82CC,   0x7ACC,   0x72CC,   0x5ACE,   0x52ED,   0x430E,
  0x3312,   0x2AF2,   0x322C,   0x3103,   0x3124,   0x3104,   0x28E3,   0x3924,   0x3944,   0x3103,   0x3124,   0x3944,
  0x3924,   0x4165,   0x49E7,   0x49E7,   0x49C6,   0x49A6,   0x5207,   0x41A6,   0x4165,   0x4185,   0x41A6,   0x4185,
  0x4185,   0x4185,   0x4165,   0x3944,   0x3944,   0x41A6,   0x5A89,   0x7B8E,   0x9471,   0x9C91,   0x9C92,   0x9CB2,
  0x9CB2,   0x9CB2,   0x9CB2,   0xA4D2,   0xA4D2,   0xA4D2,   0xA4D3,   0xA4F3,   0xA4F3,   0xA4F3,   0xA4F3,   0xA4F3,
  0xA513,   0xAD13,   0xAD13,   0xAD13,   0xAD13,   0xAD13,   0xAD13,   0xAD13,   0xAD13,   0xAD13,   0xAD33,   0xAD33,
  0xAD33,   0xAD33,   0xAD33,   0xAD33,   0xAD33,   0xAD33,   0xAD33,   0xAD33,   0xAD33,   0xAD34,   0xAD34,   0xAD34,
  0xAD34,   0xAD34,   0xAD33,   0xAD34,   0xAD33,   0xAD33,   0xAD33,   0xAD33,   0xB554,   0xB574,   0xB554,   0xB554,
  0xB554,   0xB554,   0xB554,   0xB554,   0xB554,   0xB554,   0xB554,   0xAD54,   0xAD34,   0xAD34,   0xAD34,   0xAD33,
  0xAD33,   0xAD33,   0xAD33,   0xAD13,   0xAD13,   0xAD13,   0xAD13,   0xA4D2,   0xA4B1,   0x6AEA,   0x4985,   0x5A07,
  0x59E6,   0x59E6,   0x5A28,   0x5A28,   0x4165,   0x4185,   0x49E7,   0x51E7,   0x49E7,   0x49E7,   0x49E7,   0x41A6,
  0x524A,   0x8A89,   0x92A9,   0x92A9,   0x92A9,   0x92AA,   0x82AB,   0x62CE,   0x32F1,   0x2AF2,   0x31E9,   0x3944,
  0x3965,   0x3945,   0x3124,   0x3944,   0x3945,   0x4165,   0x3924,   0x4185,   0x49A6,   0x5208,   0x5228,   0x5228,
  0x49E7,   0x5207,   0x5208,   0x4185,   0x41A6,   0x41A6,   0x4185,   0x4185,   0x3964,   0x3944,   0x3964,   0x49E7,
  0x62CA,   0x7BAE,   0x8C30,   0x9471,   0x9491,   0x9C91,   0x9C92,   0x9CB2,   0x9CB2,   0x9CB2,   0x9CB2,   0xA4D2,
  0xA4D2,   0xA4D2,   0xA4D3,   0xA4F3,   0xA4F3,   0xA4F3,   0xA4F3,   0xA4F3,   0xA513,   0xAD13,   0xAD13,   0xAD13,
  0xAD13,   0xAD13,   0xAD13,   0xAD13,   0xAD13,   0xAD33,   0xAD33,   0xAD33,   0xAD33,   0xAD33,   0xAD33,   0xAD33,
  0xAD33,   0xAD33,   0xAD33,   0xAD34,   0xAD33,   0xAD34,   0xAD34,   0xAD34,   0xAD34,   0xAD33,   0xAD34,   0xAD34,
  0xAD34,   0xAD33,   0xAD33,   0xAD33,   0xB574,   0xB574,   0xB554,   0xB574,   0xB554,   0xB554,   0xB554,   0xB554,
  0xB554,   0xB554,   0xB554,   0xB554,   0xAD54,   0xAD34,   0xAD34,   0xAD34,   0xAD33,   0xAD33,   0xAD33,   0xAD13,
  0xAD13,   0xAD13,   0xAD13,   0xA4D2,   0x9C91,   0x6268,   0x4985,   0x51E6,   0x59C6,   0x59C6,   0x59E6,   0x59E7,
  0x4185,   0x49C7,   0x5207,   0x49E7,   0x49E7,   0x49C7,   0x49C7,   0x41A6,   0x5208,   0x8A89,   0x8AA9,   0x92AA,
  0x92AA,   0x92AA,   0x92A9,   0x92A9,   0x72AC,   0x328F,   0x31A8,   0x41A6,   0x49C7,   0x49C7,   0x41A6,   0x4165,
  0x4165,   0x3944,   0x4144,   0x3944,   0x49E7,   0x5249,   0x5228,   0x5228,   0x5208,   0x5208,   0x49C7,   0x3964,
  0x4165,   0x4165,   0x3944,   0x3944,   0x41A5,   0x5A69,   0x734C,   0x83EF,   0x8C30,   0x9451,   0x9471,   0x9491,
  0x9C91,   0x9C91,   0x9C91,   0x9CB1,   0x9CB2,   0x9CB2,   0xA4D2,   0xA4D2,   0xA4D2,   0xA4F2,   0xA4F3,   0xA4F2,
  0xA4F3,   0xA4F3,   0xA4F3,   0xA4F3,   0xA513,   0xAD13,   0xAD13,   0xAD13,   0xAD13,   0xAD13,   0xAD13,   0xAD13,
  0xAD33,   0xAD33,   0xAD33,   0xAD33,   0xAD33,   0xAD33,   0xAD33,   0xAD33,   0xAD33,   0xAD33,   0xAD33,   0xAD34,
  0xAD34,   0xAD34,   0xAD34,   0xAD34,   0xAD34,   0xAD34,   0xAD34,   0xAD34,   0xAD54,   0xAD34,   0xAD34,   0xAD33,
  0xB575,   0xB574,   0xB574,   0xB574,   0xB574,   0xB554,   0xB554,   0xB554,   0xB554,   0xB554,   0xB554,   0xB554,
  0xAD54,   0xAD34,   0xAD34,   0xAD34,   0xAD34,   0xAD33,   0xAD33,   0xAD13,   0xAD33,   0xAD13,   0xAD13,   0xA4F2,
  0x9470,   0x5207,   0x49A6,   0x51E7,   0x51C6,   0x51C6,   0x51C6,   0x51C6,   0x49C6,   0x51E7,   0x5208,   0x51E7,
  0x49C7,   0x49E7,   0x49E7,   0x49C6,   0x49C7,   0x7A89,   0x9289,   0x92A9,   0x92AA,   0x92EA,   0x930B,   0x8AAA,
  0x8289,   0x4A2B,   0x39A7,   0x49C7,   0x49A6,   0x41A6,   0x3965,   0x3944,   0x4165,   0x4164,   0x4144,   0x3944,
  0x4185,   0x51E7,   0x49C7,   0x49E7,   0x49E7,   0x5208,   0x49C6,   0x3944,   0x3944,   0x4185,   0x5227,   0x6B0B,
  0x83CE,   0x8C30,   0x9450,   0x9450,   0x9471,   0x9471,   0x9C71,   0x9C91,   0x9C91,   0x9C91,   0x9CB1,   0x9CB2,
  0xA4B2,   0xA4B2,   0xA4D2,   0xA4D2,   0xA4D2,   0xA4F2,   0xA4F2,   0xA4F2,   0xA4F3,   0xA4F3,   0xA4F3,   0xA513,
  0xA513,   0xA513,   0xAD13,   0xAD13,   0xAD13,   0xAD13,   0xAD13,   0xAD13,   0xAD33,   0xAD33,   0xAD33,   0xAD33,
  0xAD33,   0xAD33,   0xAD34,   0xAD33,   0xAD33,   0xAD33,   0xAD34,   0xAD34,   0xAD34,   0xAD34,   0xAD34,   0xAD34,
  0xAD34,   0xAD34,   0xAD34,   0xAD34,   0xAD34,   0xAD34,   0xAD34,   0xAD34,   0xB575,   0xB574,   0xB574,   0xB574,
  0xB574,   0xB574,   0xB554,   0xB554,   0xB554,   0xB554,   0xB554,   0xB554,   0xB554,   0xAD54,   0xAD54,   0xAD34,
  0xAD34,   0xAD33,   0xAD33,   0xAD33,   0xAD33,   0xAD13,   0xAD13,   0xAD13,   0x942F,   0x51C6,   0x51E7,   0x59E7,
  0x51E6,   0x51C6,   0x49C6,   0x51E7,   0x51C7,   0x51E7,   0x51E7,   0x5208,   0x49E7,   0x51E7,   0x49E7,   0x49E7,
  0x41A6,   0x4A08,   0x7ACB,   0x8AA9,   0x92A9,   0x92A9,   0x92CA,   0x8AA9,   0x7269,   0x41E8,   0x41A6,   0x4186,
  0x4185,   0x3944,   0x3944,   0x4164,   0x4165,   0x4165,   0x4164,   0x4144,   0x4144,   0x49A6,   0x49A6,   0x49A6,
  0x49E7,   0x5208,   0x5208,   0x5A8A,   0x734C,   0x7BAE,   0x8C0F,   0x9450,   0x9450,   0x9450,   0x9450,   0x9471,
  0x9471,   0x9C71,   0x9C91,   0x9C91,   0x9C91,   0x9CB1,   0x9CB2,   0x9CB2,   0xA4B2,   0xA4D2,   0xA4D2,   0xA4D2,
  0xA4F2,   0xA4D2,   0xA4F2,   0xA4F2,   0xA4F3,   0xA4F3,   0xA513,   0xA513,   0xA513,   0xAD13,   0xAD13,   0xAD13,
  0xAD13,   0xAD13,   0xAD33,   0xAD13,   0xAD33,   0xAD33,   0xAD33,   0xAD33,   0xAD33,   0xAD33,   0xAD33,   0xAD33,
  0xAD34,   0xAD34,   0xAD34,   0xAD34,   0xAD34,   0xAD34,   0xAD34,   0xAD34,   0xAD34,   0xAD34,   0xAD34,   0xAD34,
  0xAD33,   0xAD33,   0xB534,   0xB534,   0xB575,   0xB575,   0xB574,   0xB574,   0xB574,   0xB574,   0xB574,   0xB554,
  0xB554,   0xB554,   0xB554,   0xB554,   0xB554,   0xB554,   0xAD54,   0xAD34,   0xAD34,   0xAD34,   0xAD34,   0xAD33,
  0xAD33,   0xAD33,   0xAD13,   0xAD13,   0x9C70,   0x5A27,   0x51A6,   0x51C6,   0x51C6,   0x51C7,   0x51C6,   0x51E7,
  0x51E7,   0x51E7,   0x51E7,   0x5228,   0x5208,   0x51E7,   0x49E7,   0x49E8,   0x49E7,   0x41C7,   0x4A29,   0x628B,
  0x7ACB,   0x82CA,   0x7A89,   0x7249,   0x49C7,   0x4186,   0x41A6,   0x4186,   0x3944,   0x3944,   0x4144,   0x4164,
  0x4165,   0x4164,   0x4144,   0x4144,   0x4185,   0x49C6,   0x49C7,   0x5208,   0x5208,   0x5208,   0x5A48,   0x7BAE,
  0x8C0F,   0x8C30,   0x8C30,   0x9450,   0x9450,   0x9470,   0x9471,   0x9471,   0x9C71,   0x9C91,   0x9C91,   0x9C91,
  0x9CB1,   0x9CB2,   0x9CB2,   0x9CB2,   0xA4B2,   0xA4D2,   0xA4D2,   0xA4D2,   0xA4D2,   0xA4D2,   0xA4D2,   0xA4F2,
  0xA4F3,   0xA4F3,   0xACF3,   0xAD13,   0xAD13,   0xAD13,   0xAD13,   0xAD13,   0xAD13,   0xAD13,   0xAD33,   0xAD33,
  0xAD33,   0xAD33,   0xAD33,   0xAD33,   0xAD33,   0xAD33,   0xAD33,   0xAD34,   0xAD34,   0xAD34,   0xAD34,   0xAD34,
  0xAD34,   0xAD34,   0xAD34,   0xAD34,   0xAD34,   0xAD34,   0xAD34,   0xAD34,   0xAD34,   0xB534,   0xB534,   0xB534,
  0xB575,   0xB575,   0xB574,   0xB574,   0xB574,   0xB574,   0xB574,   0xB554,   0xB554,   0xB554,   0xB554,   0xB554,
  0xB554,   0xB554,   0xB554,   0xB534,   0xAD34,   0xAD34,   0xAD34,   0xAD34,   0xAD33,   0xAD33,   0xAD13,   0xAD13,
  0xA4D2,   0x838D,   0x5A07,   0x51A6,   0x51C6,   0x51E6,   0x51E7,   0x5207,   0x51E7,   0x51E7,   0x51E7,   0x51E7,
  0x5228,   0x5228,   0x51E7,   0x51E7,   0x51E7,   0x51E7,   0x49C6,   0x49C7,   0x49E8,   0x5208,   0x49E8,   0x4186,
  0x4186,   0x49A6,   0x41A6,   0x41A6,   0x49C7,   0x4186,   0x4165,   0x4185,   0x4165,   0x4185,   0x4165,   0x4986,
  0x51E7,   0x4185,   0x49C7,   0x5208,   0x5207,   0x49E7,   0x62CA,   0x83EF,   0x8C10,   0x8C30,   0x9450,   0x9450,
  0x9450,   0x9C71,   0x9C71,   0x9C91,   0x9C91,   0x9C91,   0x9C91,   0x9C91,   0x9CB1,   0x9CB1,   0x9CB2,   0xA4B2,
  0xA4D2,   0xA4D2,   0xA4D2,   0xA4D2,   0xA4D2,   0xA4D2,   0xA4F2,   0xA4F2,   0xA4F3,   0xACF3,   0xACF3,   0xAD13,
  0xAD13,   0xAD13,   0xAD13,   0xAD13,   0xAD13,   0xAD33,   0xAD33,   0xAD33,   0xAD33,   0xAD33,   0xAD33,   0xAD33,
  0xAD33,   0xAD34,   0xAD34,   0xAD34,   0xAD34,   0xAD34,   0xAD34,   0xAD34,   0xAD34,   0xAD34,   0xAD34,   0xAD34,
  0xAD34,   0xAD34,   0xAD33,   0xAD34,   0xAD34,   0xB534,   0xB534,   0xB534,   0xB575,   0xB575,   0xB575,   0xB575,
  0xB574,   0xB574,   0xB574,   0xB554,   0xB554,   0xB554,   0xB554,   0xB554,   0xB554,   0xB554,   0xB554,   0xB554,
  0xAD34,   0xAD34,   0xAD34,   0xAD34,   0xAD34,   0xAD33,   0xAD33,   0xAD13,   0xA4F2,   0x9450,   0x7B6C,   0x6248,
  0x51C6,   0x51C6,   0x51C6,   0x51E7,   0x51E7,   0x51C6,   0x51E7,   0x5208,   0x5A28,   0x51E7,   0x51E7,   0x51E7,
  0x51E7,   0x51E7,   0x51C7,   0x49C7,   0x49C6,   0x49E7,   0x49E7,   0x49C7,   0x49C6,   0x49C7,   0x49C7,   0x49A6,
  0x51E7,   0x5A29,   0x5249,   0x5228,   0x5228,   0x5228,   0x5A49,   0x5A49,   0x49A6,   0x4185,   0x4185,   0x4985,
  0x4985,   0x49C6,   0x736D,   0x8C30,   0x8C30,   0x9450,   0x9450,   0x9470,   0x9C71,   0x9C71,   0x9C91,   0x9C91,
  0x9C91,   0x9C91,   0x9CB1,   0x9CB2,   0x9CB2,   0x9CB2,   0xA4B2,   0xA4D2,   0xA4D2,   0xA4D2,   0xA4D2,   0xA4D2,
  0xA4D2,   0xA4F2,   0xA4F3,   0xA4F3,   0xA4F3,   0xACF3,   0xACF3,   0xAD13,   0xAD13,   0xAD13,   0xAD13,   0xAD13,
  0xAD33,   0xAD33,   0xAD33,   0xAD33,   0xAD33,   0xAD33,   0xAD33,   0xAD33,   0xAD33,   0xAD34,   0xAD34,   0xAD34,
  0xAD34,   0xAD34,   0xAD34,   0xAD34,   0xAD34,   0xAD34,   0xAD34,   0xAD34,   0xAD34,   0xAD33,   0xAD33,   0xAD33,
  0xAD54,   0xB534,   0xB534,   0xB534,   0xB575,   0xB574,   0xB575,   0xB575,   0xB575,   0xB575,   0xB574,   0xB574,
  0xB554,   0xB554,   0xB554,   0xB554,   0xB554,   0xB554,   0xB554,   0xB554,   0xAD54,   0xAD54,   0xAD34,   0xAD34,
  0xAD34,   0xAD34,   0xAD33,   0xAD33,   0xAD13,   0xA4D2,   0x9470,   0x83CE,   0x6ACA,   0x5A07,   0x51C6,   0x51C6,
  0x51C7,   0x51E7,   0x51E7,   0x5207,   0x51E7,   0x51E7,   0x51E6,   0x51C6,   0x51E6,   0x51E7,   0x51E7,   0x51E7,
  0x49E7,   0x51E7,   0x5A49,   0x5A49,   0x5A49,   0x5A49,   0x5A6A,   0x5208,   0x51E7,   0x5A49,   0x5A8A,   0x5229,
  0x5207,   0x5208,   0x5228,   0x5A49,   0x41A5,   0x4185,   0x4165,   0x4985,   0x4164,   0x5207,   0x83EF,   0x8C50,
  0x9450,   0x9450,   0x9471,   0x9C71,   0x9C91,   0x9C91,   0x9C91,   0x9CB1,   0x9CB1,   0x9CB1,   0x9CB2,   0xA4B2,
  0xA4B2,   0xA4D2,   0xA4D2,   0xA4D2,   0xA4D2,   0xA4D2,   0xA4D2,   0xA4D2,   0xA4F2,   0xA4F2,   0xA4F3,   0xA4F3,
  0xACF3,   0xACF3,   0xAD13,   0xAD13,   0xAD13,   0xAD13,   0xAD13,   0xAD13,   0xAD13,   0xAD13,   0xAD13,   0xAD33,
  0xAD33,   0xAD33,   0xAD33,   0xAD33,   0xAD33,   0xAD33,   0xAD34,   0xAD34,   0xAD34,   0xAD34,   0xAD34,   0xAD34,
  0xAD34,   0xAD34,   0xAD33,   0xAD33,   0xB534,   0xAD33,   0xAD33,   0xAD33,   0xB534,   0xB534,   0xB534,   0xB534,
  0xBD75,   0xBD75,   0xB595,   0xB575,   0xB574,   0xB574,   0xB574,   0xB574,   0xB574,   0xB554,   0xB554,   0xB554,
  0xB554,   0xB554,   0xB554,   0xB554,   0xB554,   0xAD54,   0xAD54,   0xAD34,   0xAD34,   0xAD34,   0xAD34,   0xAD34,
  0xAD33,   0xAD13,   0xA4F2,   0x9C91,   0x8C30,   0x7B6D,   0x6AAA,   0x5A07,   0x51C6,   0x51C6,   0x51C6,   0x51E7,
  0x51E7,   0x51E6,   0x51E6,   0x51E6,   0x51E7,   0x51E7,   0x51E7,   0x51E7,   0x49E7,   0x5228,   0x5A6A,   0x628A,
  0x5A6A,   0x5A49,   0x5A49,   0x49A6,   0x4164,   0x4985,   0x49C6,   0x5207,   0x5A28,   0x51E7,   0x51E6,   0x5A69,
  0x49C6,   0x4164,   0x4164,   0x4185,   0x49A6,   0x736D,   0x9450,   0x9470,   0x9471,   0x9C71,   0x9C91,   0x9C91,
  0x9C91,   0x9C91,   0x9CB1,   0xA4B1,   0xA4B2,   0xA4B2,   0xA4B2,   0xA4B2,   0xA4D2,   0xA4D2,   0xA4D2,   0xA4D2,
  0xA4D2,   0xA4D2,   0xA4F2,   0xA4F2,   0xA4F3,   0xA4F3,   0xA4F3,   0xACF3,   0xACF3,   0xAD13,   0xAD13,   0xAD13,
  0xAD13,   0xAD13,   0xAD13,   0xAD13,   0xAD13,   0xAD33,   0xAD33,   0xAD34,   0xAD33,   0xAD34,   0xAD33,   0xAD33,
  0xAD33,   0xAD33,   0xAD33,   0xAD34,   0xAD33,   0xAD34,   0xAD34,   0xAD34,   0xAD34,   0xAD34,   0xB533,   0xAD33,
  0xB534,   0xAD33,   0xAD34,   0xB534,   0xB534,   0xB534,   0xB534,   0xB534,   0xBD75,   0xBD75,   0xBD95,   0xBD75,
  0xBD75,   0xB574,   0xB574,   0xB574,   0xB574,   0xB574,   0xB574,   0xB554,   0xB554,   0xB554,   0xB554,   0xB554,
  0xB554,   0xB554,   0xB554,   0xB554,   0xAD54,   0xAD34,   0xAD34,   0xAD34,   0xAD33,   0xAD33,   0xAD13,   0xACF3,
  0xA4D2,   0x9C91,   0x8C0F,   0x7B6C,   0x62A9,   0x5A07,   0x51E7,   0x51E7,   0x51C6,   0x49C6,   0x49A6,   0x49C6,
  0x49C7,   0x51C7,   0x49C7,   0x49C6,   0x49C7,   0x5208,   0x5228,   0x5228,   0x5208,   0x5228,   0x5A69,   0x62AA,
  0x6ACA,   0x5A48,   0x51C6,   0x4985,   0x4985,   0x51E7,   0x49C6,   0x51E7,   0x49C6,   0x6AEB,   0x7B8D,   0x7B8D,
  0x8C0F,   0x9C91,   0x9C91,   0x9C91,   0x9C91,   0x9C91,   0x9C91,   0x9C91,   0x9C91,   0x9CB1,   0xA4B1,   0xA4B2,
  0xA4B2,   0xA4B2,   0xA4B2,   0xA4D2,   0xA4D2,   0xA4D2,   0xA4D2,   0xA4D2,   0xA4D2,   0xA4D2,   0xA4F2,   0xA4F2,
  0xA4F3,   0xA4F3,   0xACF3,   0xACF3,   0xAD13,   0xAD13,   0xAD13,   0xAD13,   0xAD13,   0xAD13,   0xAD13,   0xAD13,
  0xAD33,   0xAD33,   0xAD33,   0xAD34,   0xAD34,   0xAD33,   0xAD33,   0xAD33,   0xAD33,   0xAD33,   0xAD33,   0xAD33,
  0xAD34,   0xAD34,   0xAD34,   0xAD34,   0xAD33,   0xAD33,   0xAD33,   0xB534,   0xB534,   0xB534,   0xAD34,   0xB534,
  0xB534,   0xB534,   0xB534,   0xAD34,   0xBD95,   0xBD95,   0xBD75,   0xBD75,   0xBD75,   0xB574,   0xB574,   0xB575,
  0xB574,   0xB574,   0xB574,   0xB574,   0xB574,   0xB574,   0xB574,   0xB554,   0xB554,   0xB554,   0xB554,   0xB554,
  0xB554,   0xAD54,   0xAD34,   0xAD34,   0xAD34,   0xAD34,   0xAD33,   0xAD33,   0xAD13,   0xAD13,   0xA4D2,   0x9CB1,
  0x9450,   0x8BEE,   0x7B8D,   0x732C,   0x6B0B,   0x6ACA,   0x6289,   0x5A69,   0x5A69,   0x5A49,   0x5A69,   0x5A69,
  0x6289,   0x62AA,   0x6B0B,   0x7B6D,   0x83CE,   0x9430,   0x9C71,   0x9C91,   0x9C71,   0x9450,   0x8C0F,   0x7B8D,
  0x6AEB,   0x5A69,   0x5A28,   0x5A27,   0x7B6D,   0x9470,   0x9C70,   0x9C91,   0x9CB1,   0x9C91,   0x9CB1,   0x9C91,
  0x9C91,   0x9C91,   0x9C91,   0x9CB1,   0x9CB1,   0xA4B1,   0xA4B2,   0xA4B2,   0xA4B2,   0xA4B2,   0xA4D2,   0xA4D2,
  0xA4D2,   0xA4D2,   0xA4D2,   0xA4D2,   0xA4D2,   0xA4F3,   0xA4F2,   0xA4F2,   0xA4F3,   0xACF3,   0xACF3,   0xAD13,
  0xAD13,   0xAD13,   0xAD13,   0xAD13,   0xAD13,   0xAD13,   0xAD13,   0xAD13,   0xAD33,   0xAD33,   0xAD33,   0xAD33,
  0xAD34,   0xAD34,   0xAD34,   0xAD33,   0xAD33,   0xAD33,   0xAD33,   0xAD33,   0xAD34,   0xAD34,   0xAD34,   0xAD33,
  0xB534,   0xAD33,   0xAD33,   0xAD33,   0xB534,   0xB534,   0xB534,   0xB534,   0xB534,   0xB534,   0xAD33,   0xB534,
  0xBD95,   0xBD95,   0xBD95,   0xBD95,   0xBD75,   0xB575,   0xB595,   0xB575,   0xB575,   0xB575,   0xB574,   0xB574,
  0xB574,   0xB574,   0xB574,   0xB574,   0xB554,   0xB554,   0xB554,   0xB554,   0xB554,   0xB554,   0xAD54,   0xAD54,
  0xAD34,   0xAD34,   0xAD34,   0xAD34,   0xAD33,   0xAD33,   0xAD13,   0xAD13,   0xA513,   0xA4F3,   0xA4D2,   0xA4D2,
  0x9CB2,   0x9CB2,   0x9C91,   0x9C91,   0x9471,   0x9471,   0x9C71,   0x9C71,   0x9C91,   0x9CB2,   0x9CB2,   0xA4D2,
  0xA4D2,   0xA4B2,   0x9CB2,   0x9CB2,   0x9CB1,   0x9CB1,   0x9CB1,   0x9C91,   0x9C91,   0x9C71,   0x9450,   0x9C70,
  0x9C91,   0x9C91,   0x9C91,   0x9C91,   0x9CB2,   0x9CB2,   0x9CB2,   0x9CB2,   0xA4B2,   0xA4B1,   0xA4B1,   0xA4B1,
  0xA4B2,   0xA4B2,   0xA4B2,   0xA4B2,   0xA4D2,   0xA4D2,   0xA4D2,   0xA4D2,   0xA4D2,   0xA4D2,   0xA4D2,   0xA4F2,
  0xA4F2,   0xACF2,   0xACF3,   0xACF3,   0xACF3,   0xACF3,   0xAD13,   0xAD13,   0xAD13,   0xAD13,   0xAD13,   0xAD13,
  0xAD13,   0xAD13,   0xAD13,   0xAD33,   0xAD33,   0xAD33,   0xAD33,   0xAD33,   0xAD33,   0xAD33,   0xAD33,   0xAD33,
  0xAD33,   0xAD33,   0xAD33,   0xAD34,   0xAD34,   0xAD34,   0xAD34,   0xAD34,   0xB534,   0xB534,   0xB534,   0xAD33,
  0xB534,   0xB534,   0xB534,   0xB534,   0xB534,   0xB534,   0xAD33,   0xB534,   0xBD95,   0xBD95,   0xBD95,   0xBD95,
  0xBD95,   0xBD95,   0xB595,   0xB595,   0xB595,   0xB575,   0xB574,   0xB575,   0xB575,   0xB575,   0xB574,   0xB574,
  0xB554,   0xB554,   0xB554,   0xB554,   0xB554,   0xB554,   0xB554,   0xAD54,   0xAD54,   0xAD34,   0xAD34,   0xAD34,
  0xAD34,   0xAD34,   0xAD33,   0xAD33,   0xAD33,   0xAD13,   0xAD13,   0xAD13,   0xAD13,   0xAD13,   0xAD13,   0xAD13,
  0xAD13,   0xA4F3,   0xA4F3,   0xA4F3,   0xA4F3,   0xA4D2,   0xA4D2,   0xA4D2,   0xA4B2,   0xA4B2,   0xA4B2,   0x9CB2,
  0x9CB2,   0x9CB2,   0x9CB2,   0x9CB2,   0x9CB2,   0xA4B2,   0xA4B2,   0xA4B2,   0xA4B2,   0xA4B2,   0xA4B2,   0xA4B2,
  0xA4B2,   0xA4B2,   0xA4B2,   0xA4B2,   0xA4B2,   0xA4B2,   0xA4B2,   0xA4B2,   0xA4B2,   0xA4B2,   0xA4D2,   0xA4D2,
  0xA4D2,   0xA4D2,   0xA4D2,   0xA4D2,   0xA4D2,   0xA4D2,   0xA4F2,   0xA4F2,   0xA4F2,   0xACF2,   0xACF3,   0xACF3,
  0xACF3,   0xAD13,   0xAD13,   0xAD13,   0xAD13,   0xAD13,   0xAD13,   0xAD13,   0xAD13,   0xAD13,   0xAD13,   0xAD13,
  0xAD13,   0xAD33,   0xAD33,   0xAD33,   0xAD33,   0xAD33,   0xAD33,   0xAD33,   0xAD33,   0xAD33,   0xAD33,   0xAD34,
  0xAD33,   0xAD33,   0xAD34,   0xAD34,   0xAD33,   0xAD33,   0xAD33,   0xB534,   0xB534,   0xB534,   0xB534,   0xB534,
  0xB534,   0xB534,   0xB534,   0xB534,
};
